sampling_seed,model_seed,arm,gen,accuracy,macro_f1,worst_class_recall,ece_scaled,temperature,train_size,pcf1_tree_cover,pcrec_tree_cover,pcf1_shrubland,pcrec_shrubland,pcf1_grassland,pcrec_grassland,pcf1_cropland,pcrec_cropland,pcf1_built_up,pcrec_built_up,pcf1_bare_sparse_vegetation,pcrec_bare_sparse_vegetation,pcf1_permanent_water,pcrec_permanent_water,pcf1_snow_and_ice,pcrec_snow_and_ice,pcf1_herbaceous_wetland,pcrec_herbaceous_wetland,pcf1_moss_lichen,pcrec_moss_lichen,worst_class_name
42,42,A,0,0.64703,0.6298950551569232,0.2054,0.0063205797505378825,0.9729637950999471,10000,0.6534140017286084,0.6804,0.351791169119689,0.3167,0.2659416067844889,0.2054,0.6819085487077535,0.7203,0.7764310681374552,0.8552,0.46811344840983515,0.4217,0.807271666747679,0.8304,0.8586511421382407,0.8702,0.6395826600803287,0.6927,0.795845239715154,0.8773,grassland
42,42,B,0,0.64703,0.6298950551569232,0.2054,0.0063205797505378825,0.9729637950999471,10000,0.6534140017286084,0.6804,0.351791169119689,0.3167,0.2659416067844889,0.2054,0.6819085487077535,0.7203,0.7764310681374552,0.8552,0.46811344840983515,0.4217,0.807271666747679,0.8304,0.8586511421382407,0.8702,0.6395826600803287,0.6927,0.795845239715154,0.8773,grassland
42,42,C,0,0.64703,0.6298950551569232,0.2054,0.0063205797505378825,0.9729637950999471,10000,0.6534140017286084,0.6804,0.351791169119689,0.3167,0.2659416067844889,0.2054,0.6819085487077535,0.7203,0.7764310681374552,0.8552,0.46811344840983515,0.4217,0.807271666747679,0.8304,0.8586511421382407,0.8702,0.6395826600803287,0.6927,0.795845239715154,0.8773,grassland
42,42,D,0,0.64703,0.6298950551569232,0.2054,0.0063205797505378825,0.9729637950999471,10000,0.6534140017286084,0.6804,0.351791169119689,0.3167,0.2659416067844889,0.2054,0.6819085487077535,0.7203,0.7764310681374552,0.8552,0.46811344840983515,0.4217,0.807271666747679,0.8304,0.8586511421382407,0.8702,0.6395826600803287,0.6927,0.795845239715154,0.8773,grassland
42,42,A,1,0.66138,0.6504547625043873,0.2701,0.009218281671553844,1.0971830475220918,10000,0.6561163807932373,0.6675,0.37755532139093784,0.3583,0.3172235598097363,0.2701,0.6926810514681148,0.7207,0.7851934420138406,0.8453,0.4828922599933562,0.4361,0.825024925224327,0.8275,0.8895839539271174,0.8959,0.6558408034918102,0.6987,0.8224359269313947,0.8937,grassland
42,42,B,1,0.68234,0.669717667386806,0.2625,0.004050430183857689,0.975800701431988,20000,0.6687484986788373,0.696,0.39442377233897596,0.3763,0.3211205578322833,0.2625,0.7135796658037186,0.758,0.7957898607344762,0.8657,0.5066094226641058,0.4484,0.8338804337013827,0.8383,0.9208384710234279,0.9335,0.6839693228582118,0.7313,0.8582166682326412,0.9134,grassland
42,42,C,1,0.62841,0.6101903665966055,0.1808,0.014550557554811239,2.9158550325712174,10000,0.6432342449464923,0.6762,0.3394582518849483,0.3039,0.2406495407959537,0.1808,0.6675412293853074,0.7124,0.7608255766895994,0.846,0.4527268663388467,0.4051,0.79726850058117,0.8231,0.8265124555160143,0.8361,0.6108767424798239,0.6661,0.7628102573478996,0.8344,grassland
42,42,D,1,0.64724,0.629348772158705,0.1903,0.022304142603725194,1.360607473555723,20000,0.6529565423889813,0.6874,0.3605173440121219,0.3331,0.2551109323681212,0.1903,0.6861065088757397,0.7247,0.7697585315869198,0.8639,0.46552013892779115,0.4155,0.8077204269630063,0.8286,0.864365043469521,0.86,0.6396006028636021,0.679,0.7918316501312452,0.8899,grassland
42,42,A,2,0.66668,0.6565035380378532,0.2639,0.006872028519660235,1.1118599156144195,10000,0.6580078125,0.6738,0.3888107673764564,0.3871,0.31956890288205375,0.2639,0.6970990588920152,0.7185,0.7815207821695009,0.8433,0.49223849487137294,0.4487,0.8251993780408287,0.8226,0.9002164928163747,0.9148,0.666318091073296,0.7009,0.836055599756634,0.8932,grassland
42,42,B,2,0.6629,0.6491868124789645,0.2385,0.006788881543874739,0.8810626673980512,30000,0.6640685892439595,0.6816,0.37737464547546423,0.3526,0.29920963492660896,0.2385,0.698161270899912,0.7537,0.7850205538239147,0.8689,0.4873743016759777,0.4362,0.8172107417390436,0.8186,0.8835629921259842,0.8977,0.6557421821657791,0.7203,0.8241432127130002,0.8609,grassland
42,42,C,2,0.62215,0.6033544905327946,0.1754,0.017272826853692545,3.6975132819487078,10000,0.6393434755483035,0.6661,0.3352861649391618,0.2976,0.2367071524966262,0.1754,0.65718916415837,0.7096,0.7546680961315108,0.8447,0.448345259391771,0.401,0.7966901922608908,0.8184,0.8143125804216569,0.8227,0.6015457081446929,0.6577,0.749457111834962,0.8283,grassland
42,42,D,2,0.64708,0.6296992895071927,0.1876,0.027276948322057723,1.5819764152683242,30000,0.6515129578688287,0.675,0.37051855751513557,0.3519,0.2534450148608484,0.1876,0.6851159311892296,0.7328,0.7714567281849131,0.8611,0.4675661943205555,0.4141,0.8078232947358178,0.8302,0.8626111418094138,0.8586,0.6358109063486826,0.6745,0.7911321682385017,0.885,grassland
42,42,A,3,0.66653,0.6546411055173887,0.2452,0.009232306098043928,1.1037841895584246,10000,0.6615421341608976,0.6928,0.38832266325224074,0.3791,0.30825319001822865,0.2452,0.6989798273553987,0.7571,0.7883801823822506,0.8386,0.4851040525739321,0.4429,0.8215978841259544,0.8232,0.8967159440420677,0.9038,0.6663158901750693,0.6965,0.8311992870878476,0.8861,grassland
42,42,B,3,0.70783,0.6962966469753544,0.31,0.0062267489328980625,0.9367081559643703,40000,0.6799787264903544,0.7032,0.41384719970715894,0.3957,0.3762592547639277,0.31,0.7375514788468738,0.788,0.8108751373123398,0.8858,0.5326356065721359,0.4733,0.8509298140371926,0.8511,0.9417694265022509,0.9623,0.7269511797831247,0.781,0.8921686457381857,0.9279,grassland
42,42,C,3,0.6178,0.5992770764970292,0.1797,0.022152763003706923,4.281794848065012,10000,0.6356701429123214,0.6583,0.3299340807932841,0.2928,0.24107861550845183,0.1797,0.6542912693269142,0.7067,0.7525070196550341,0.8442,0.44564788176228354,0.395,0.7943642745709828,0.8147,0.804415622988961,0.8125,0.594368375562935,0.6533,0.7404934818891244,0.8208,grassland
42,42,D,3,0.64649,0.6286892621274214,0.1891,0.03309665607571602,1.722994665734086,40000,0.6513065739264841,0.6742,0.3677021254153262,0.3486,0.2555750777132045,0.1891,0.6864506419602125,0.7298,0.767986639124511,0.8737,0.46678101772441394,0.4082,0.8063918932086135,0.8276,0.8609457092819615,0.8603,0.6333804809052334,0.6717,0.790372462014253,0.8817,grassland
42,42,A,4,0.65751,0.6465558531893075,0.2505,0.01516836752876638,1.0035162279991359,10000,0.6595724191063174,0.6849,0.38065313691150715,0.3695,0.31170285572077394,0.2505,0.6834648493543759,0.7622,0.7851359573173585,0.8388,0.48624107192292787,0.4391,0.8141929035482259,0.8146,0.8825562177593028,0.8811,0.6539816772374912,0.696,0.8080574430147944,0.8384,grassland
42,42,B,4,0.71897,0.7066010566348953,0.3121,0.008250712094604958,0.917179592092934,50000,0.68670465337132,0.7231,0.4313458619065068,0.412,0.38654941788456776,0.3121,0.748216668967739,0.8129,0.8148589226823012,0.8895,0.5399291671426939,0.4726,0.8525739104683876,0.8637,0.9537229308810442,0.9645,0.7465081162702907,0.791,0.9056009167741012,0.9483,grassland
42,42,C,4,0.61003,0.591560054449167,0.1674,0.018002907985597845,3.7697227874167303,10000,0.6303042140729528,0.6454,0.33268944202218664,0.3014,0.227631221104161,0.1674,0.6431641518061271,0.7033,0.7503466785953925,0.8387,0.4437255235824962,0.3909,0.7948543026995419,0.8156,0.7894632404008334,0.7957,0.5822854774077656,0.6321,0.7211362928002137,0.8098,grassland
42,42,D,4,0.64411,0.6249172647842973,0.1783,0.029683269859701406,1.840789251731848,50000,0.6508382595212714,0.6716,0.3607017543859649,0.3341,0.24511960406928787,0.1783,0.6805364195829889,0.7409,0.765878616796048,0.8682,0.462133010324739,0.4006,0.8071013997951519,0.8274,0.8623630949376672,0.8543,0.6307203096916909,0.6843,0.783780178738162,0.8814,grassland
42,42,A,5,0.6621,0.6511966903096793,0.2607,0.015588530697226538,1.062425781777575,10000,0.6582329317269077,0.6556,0.39352718078381793,0.3891,0.3197203826342899,0.2607,0.6903821998923381,0.7695,0.7794024157660522,0.8582,0.4884022800383769,0.4327,0.8223836915935009,0.8149,0.8843687374749499,0.8826,0.6559211784962694,0.6857,0.8196259046902904,0.872,grassland
42,42,B,5,0.71024,0.6990803803255426,0.2939,0.010674988210797308,0.8739784510642721,60000,0.6841002096017567,0.6854,0.4404981998637735,0.4527,0.37012782570367103,0.2939,0.7328871039714413,0.8212,0.8080826468848131,0.8878,0.5298637792525324,0.4551,0.8518462848840123,0.8501,0.9446388957357653,0.9581,0.7308389806242245,0.7657,0.8979198767334361,0.9324,grassland
42,42,C,5,0.60138,0.5834354463256725,0.1707,0.01185289367601277,3.936292110871995,10000,0.6269644334160464,0.6443,0.3261460007760102,0.2942,0.2297442799461642,0.1707,0.6324864716133174,0.6896,0.7447256438969765,0.8313,0.4325810516668576,0.3776,0.7897116740409393,0.8121,0.7709672521131751,0.7616,0.5738327159646956,0.6274,0.7071949398225423,0.805,grassland
42,42,D,5,0.64456,0.6248340499036746,0.1666,0.0343613067136705,1.9502110615832966,60000,0.6509640134039143,0.6702,0.36484672786814837,0.3398,0.2345983242976836,0.1666,0.6794925028835064,0.7364,0.7675832892649392,0.8709,0.46378775049393167,0.4108,0.8077972709551657,0.8288,0.8587907716785999,0.8636,0.6316464392031143,0.6896,0.788833408987744,0.8689,grassland
42,42,A,6,0.66905,0.6587466507817245,0.28,0.01322709055066108,1.1106171185163698,10000,0.6504159411878506,0.6724,0.3938972217926911,0.3821,0.3437269825681316,0.28,0.6932708764976129,0.7696,0.7812876331635016,0.8434,0.4987556561085973,0.4409,0.8206341217916457,0.8153,0.9027749645533725,0.8914,0.6654316413486476,0.7184,0.8372714688051935,0.877,grassland
42,42,B,6,0.72606,0.7139527637098715,0.3171,0.010790406796485174,0.8831537669571269,70000,0.6917314757383463,0.7249,0.43538281830731657,0.41,0.39964711071901193,0.3171,0.7527510795375401,0.8106,0.8130281850988991,0.8899,0.5571568948575172,0.5103,0.8596218466322283,0.857,0.9551206010280744,0.9662,0.7612788963460104,0.8167,0.9138087288337706,0.9579,grassland
42,42,C,6,0.59748,0.5788907248896138,0.1623,0.011641378668248645,4.058640351988418,10000,0.624542571358868,0.64,0.323910874625873,0.2922,0.22300082440230834,0.1623,0.6292931128475378,0.6926,0.7407440409890844,0.8313,0.4328255640820066,0.3779,0.7892223738062756,0.8099,0.7590745709512479,0.7497,0.5690840744476025,0.6207,0.6972092413853344,0.7982,grassland
42,42,D,6,0.64551,0.626906650528378,0.1786,0.03654505094319582,2.0271321163811993,70000,0.6496938135879261,0.6737,0.3689515065168065,0.3496,0.24753984753984754,0.1786,0.68107044101795,0.7266,0.7682964397306694,0.8729,0.46215920225949625,0.4009,0.807041431628088,0.8298,0.8619440531294023,0.8566,0.631310137261161,0.6922,0.7910596326124333,0.8742,grassland
42,42,A,7,0.64732,0.6343246706356036,0.2247,0.01420718245118858,1.0182329970631583,10000,0.6463653238348467,0.6442,0.3880718125570545,0.3826,0.2906856403622251,0.2247,0.6708728570185363,0.7709,0.7747591434181088,0.8484,0.4690781796966161,0.402,0.8070105754431259,0.8127,0.8627668702367133,0.8547,0.6394607066913993,0.7067,0.7941755970974098,0.8263,grassland
42,42,B,7,0.73262,0.7218981173444687,0.346,0.0126640292340517,0.8697701079439699,80000,0.6931250303236136,0.7143,0.4451444130051786,0.4169,0.4166666666666667,0.346,0.7516082916368835,0.8412,0.8209432824746092,0.8851,0.5667321178120617,0.5051,0.865929648241206,0.8616,0.9641845909294123,0.9705,0.7711809716972434,0.8365,0.9234661606578115,0.949,grassland
42,42,C,7,0.5948,0.5762403495075272,0.1583,0.013675871792435637,4.335025551862239,10000,0.62050508491071,0.6376,0.3211718878586712,0.2927,0.21717656743037453,0.1583,0.6298519774529123,0.6872,0.7416852429781543,0.8318,0.43133863714977516,0.3741,0.788329686360321,0.8106,0.7547873412618423,0.7489,0.5669913618820069,0.617,0.6905657077905045,0.7898,grassland
42,42,D,7,0.64184,0.6241539266205504,0.1827,0.024992618337571618,2.029403935713507,80000,0.6472808205922198,0.6689,0.364427003234873,0.3436,0.24853761393007753,0.1827,0.6756832910679065,0.7194,0.7667422121494912,0.8627,0.463475499092559,0.4086,0.8075204948210691,0.8225,0.8566426570628252,0.8563,0.6263341921236658,0.6807,0.784895482130816,0.873,grassland
42,42,A,8,0.66154,0.6516063123601576,0.2785,0.013975487624704842,1.1578191630968986,10000,0.6454787367575439,0.6428,0.392810897601906,0.3792,0.3374326043496698,0.2785,0.6891080027516625,0.7513,0.7701128503822352,0.8462,0.48817345597897505,0.4458,0.8157668370186713,0.8061,0.8886757207048014,0.8801,0.6623985154256553,0.7139,0.8261055026304565,0.8715,grassland
42,42,B,8,0.73225,0.7214592077089395,0.3137,0.013915760336816314,0.8783024344323975,90000,0.6950527962456003,0.7109,0.46603460072329195,0.4768,0.40639979271926413,0.3137,0.7541028322043916,0.8294,0.8129831381944759,0.8992,0.5581581810892847,0.4873,0.8606962689176365,0.8616,0.962705467547301,0.9693,0.7730152124658991,0.8359,0.9254437869822485,0.9384,grassland
42,42,C,8,0.59015,0.5716027410224613,0.1609,0.015396822560727592,3.8870943422605557,10000,0.6174522789248149,0.634,0.31902995404462653,0.2881,0.2195088676671214,0.1609,0.6234522942461762,0.6848,0.7401967329861575,0.8315,0.4255045334893244,0.3637,0.7856517935258093,0.8082,0.7474828836085381,0.7424,0.560935651224174,0.6163,0.6768124205078725,0.7716,grassland
42,42,D,8,0.64334,0.6240571030514797,0.1692,0.030313780789077278,2.1204330587129534,90000,0.6492773370966957,0.6671,0.3682826795667263,0.3502,0.23727387463188893,0.1692,0.6776075857038658,0.7432,0.7675479385323944,0.8666,0.4598193608151922,0.3971,0.8063067460704871,0.8259,0.861359615870609,0.8521,0.6296227639262212,0.6793,0.7834731283007145,0.8827,grassland
42,42,A,9,0.64932,0.640522435542212,0.2888,0.009899814474880699,1.058917998345175,10000,0.6524808591031123,0.6562,0.37658556872530674,0.3622,0.32522522522522523,0.2888,0.6766839378238342,0.7183,0.7697416974169742,0.8344,0.47371396269078575,0.419,0.8085611190746873,0.8179,0.866679892867771,0.8737,0.6435858681277159,0.6813,0.8119662243667068,0.8414,grassland
42,42,B,9,0.7377,0.7283866713774312,0.3565,0.010739101800918572,0.8660873399879973,100000,0.6933214427269124,0.6997,0.46510685708497923,0.4592,0.4318856381367739,0.3565,0.7595812471552117,0.8344,0.8226233007005985,0.8865,0.5683128037066335,0.5029,0.8654917451635774,0.8545,0.9668411867364747,0.9695,0.7793743179337941,0.857,0.9313281744293571,0.9568,grassland
42,42,C,9,0.58618,0.5671168942546918,0.1535,0.017446783547252438,3.7517314013657757,10000,0.6135119280406727,0.6275,0.32517749863462586,0.2977,0.21241264789317096,0.1535,0.6231105445274084,0.6843,0.7363157661843445,0.832,0.4142314088857211,0.3487,0.7840931134820562,0.8084,0.7380472059713536,0.7317,0.5551614370168259,0.6104,0.6691073919107392,0.7676,grassland
42,42,D,9,0.64396,0.6259092953846123,0.1773,0.033623223998099555,2.188135200994484,100000,0.6480290205562274,0.6699,0.37111145849617005,0.3561,0.2446867237096329,0.1773,0.6782144008845074,0.7361,0.7663079580178026,0.8652,0.46072088724584104,0.3988,0.8079287787123113,0.8213,0.8639854486661277,0.855,0.631008613503751,0.6813,0.7870996640537514,0.8786,grassland
123,42,A,0,0.65065,0.6373710041292482,0.224,0.005985741894245154,1.0434719234014804,10000,0.6496957897298613,0.6674,0.3774582041770415,0.3714,0.2815485168426345,0.224,0.69267364414843,0.728,0.7800090456806875,0.8623,0.47151542445395184,0.4188,0.8101512933138116,0.83,0.8734428230029999,0.8589,0.6397928271279195,0.6547,0.797422472815143,0.891,grassland
123,42,B,0,0.65065,0.6373710041292482,0.224,0.005985741894245154,1.0434719234014804,10000,0.6496957897298613,0.6674,0.3774582041770415,0.3714,0.2815485168426345,0.224,0.69267364414843,0.728,0.7800090456806875,0.8623,0.47151542445395184,0.4188,0.8101512933138116,0.83,0.8734428230029999,0.8589,0.6397928271279195,0.6547,0.797422472815143,0.891,grassland
123,42,C,0,0.65065,0.6373710041292482,0.224,0.005985741894245154,1.0434719234014804,10000,0.6496957897298613,0.6674,0.3774582041770415,0.3714,0.2815485168426345,0.224,0.69267364414843,0.728,0.7800090456806875,0.8623,0.47151542445395184,0.4188,0.8101512933138116,0.83,0.8734428230029999,0.8589,0.6397928271279195,0.6547,0.797422472815143,0.891,grassland
123,42,D,0,0.65065,0.6373710041292482,0.224,0.005985741894245154,1.0434719234014804,10000,0.6496957897298613,0.6674,0.3774582041770415,0.3714,0.2815485168426345,0.224,0.69267364414843,0.728,0.7800090456806875,0.8623,0.47151542445395184,0.4188,0.8101512933138116,0.83,0.8734428230029999,0.8589,0.6397928271279195,0.6547,0.797422472815143,0.891,grassland
123,42,A,1,0.66055,0.6491476857629328,0.2534,0.006272138468623158,1.104084671462867,10000,0.6478311612526746,0.6661,0.38449244728566273,0.3729,0.30816003891523774,0.2534,0.6936365410892056,0.7107,0.7861718161266014,0.8346,0.4863169280692266,0.4496,0.8230456752204498,0.8307,0.8915472071181414,0.9018,0.6583628168467989,0.6792,0.8119122257053292,0.9065,grassland
123,42,B,1,0.68652,0.6739385303369575,0.2567,0.007864690340757374,1.029353717636194,20000,0.6706262977449418,0.6944,0.40903503380454825,0.3993,0.3186247129646869,0.2567,0.7204347204347205,0.7557,0.7991153704386288,0.8672,0.5100154083204931,0.4634,0.8385344657317796,0.8491,0.9244257236616545,0.9437,0.6915760206819179,0.7089,0.8569975495862037,0.9268,grassland
123,42,C,1,0.634,0.6194915649053626,0.1903,0.01405279178753498,2.768582623003445,10000,0.6345653561085751,0.6464,0.3775704586528599,0.3865,0.25376716895586077,0.1903,0.6762373915083275,0.7207,0.7666786873422287,0.8504,0.4538007676003895,0.3961,0.802895102121753,0.8098,0.843374730575798,0.8217,0.6199189967305909,0.6352,0.7661069894572433,0.8829,grassland
123,42,D,1,0.64764,0.6337168605144836,0.2097,0.019641481591761104,1.4025347055947601,20000,0.6433720464557469,0.6426,0.38545347467608954,0.3927,0.2713509316770186,0.2097,0.6869709151099551,0.7263,0.7764737623094563,0.8634,0.46246211904625767,0.4044,0.8081748676730053,0.8245,0.8706953223767383,0.8609,0.6391622630532797,0.6592,0.79305290276729,0.8927,grassland
123,42,A,2,0.65144,0.6384902503015786,0.229,0.00650050970882177,1.0339770645326827,10000,0.6440561499950918,0.6561,0.37544677544677546,0.3624,0.2872193653580835,0.229,0.6849420109268667,0.7146,0.781548298698333,0.8556,0.47751921085617743,0.4381,0.8145652712410205,0.8221,0.86798810703667,0.8758,0.6555996746878439,0.6852,0.7960176387689231,0.8755,grassland
123,42,B,2,0.69352,0.6792053492330586,0.2544,0.003238490880429765,0.9755801363440604,30000,0.670690811535882,0.7,0.40895218718209564,0.3819,0.3240145195185633,0.2544,0.72419945534792,0.7712,0.8022825838849578,0.8787,0.516566429743029,0.4724,0.8416429605230323,0.8432,0.9292082825822168,0.9536,0.7071838678056295,0.7575,0.8673123942072597,0.9223,grassland
123,42,C,2,0.62445,0.6104129346545448,0.1789,0.02063627220436931,3.5882686758738833,10000,0.6282440846824409,0.6306,0.37623102906893763,0.3954,0.24190386045568252,0.1789,0.6640750924433488,0.7004,0.7588971979457608,0.8423,0.447927948469475,0.3929,0.7992858205624163,0.8058,0.8279036094735753,0.8005,0.6078412296916043,0.6248,0.751819473752207,0.8729,grassland
123,42,D,2,0.64779,0.6332181954911063,0.1995,0.027994654001444595,1.6389338632008201,30000,0.6411904641392924,0.6334,0.39157935396649124,0.4055,0.2631752522920652,0.1995,0.6885077347291676,0.7366,0.7747924663036687,0.868,0.4636537680570865,0.3996,0.8076358296622613,0.825,0.8708367181153533,0.8576,0.6374498137667489,0.6589,0.7933605538789278,0.8938,grassland
123,42,A,3,0.65988,0.6469801224478811,0.2482,0.006478870989382262,1.0587999357895692,10000,0.6495070155479712,0.6851,0.3707223319630559,0.3472,0.30638192815701765,0.2482,0.6891972340522966,0.7525,0.7827628019774274,0.8392,0.48302945301542777,0.4305,0.8202252766337518,0.8265,0.8902494103477694,0.887,0.6592918262185032,0.6973,0.8184339465655912,0.8853,grassland
123,42,B,3,0.70814,0.697705633972213,0.3009,0.00553911553680899,0.9447598934278477,40000,0.6784918096345837,0.7,0.4321906102342415,0.4299,0.36938374662411,0.3009,0.737439446366782,0.7992,0.8113646949231486,0.871,0.5282094124199387,0.4742,0.8509224360245983,0.8579,0.9492789656887121,0.9545,0.7288029625354686,0.7577,0.8909722552705468,0.9361,grassland
123,42,C,3,0.6108,0.5968083619254608,0.1686,0.016213800185471763,3.343416621459655,10000,0.6194618652640097,0.6124,0.369597895527997,0.3934,0.2300293335152466,0.1686,0.6537459129033787,0.6898,0.7530023301666965,0.8402,0.43611253780745307,0.3821,0.7953839325343985,0.8064,0.797640179596951,0.7639,0.5910935132228577,0.6046,0.7220161187156198,0.8466,grassland
123,42,D,3,0.6463,0.6312242987610118,0.1961,0.02872054344490171,1.763875844077886,40000,0.6381287726358149,0.6343,0.38518733101583624,0.3989,0.2621307311856704,0.1961,0.6871866295264624,0.7401,0.7717309480582739,0.8714,0.4630146545708304,0.3981,0.8080184286624515,0.8243,0.8697236562405102,0.8592,0.6346219470579633,0.6509,0.7924998886563043,0.8897,grassland
123,42,A,4,0.66413,0.6538655676688453,0.27,0.007343167458772641,1.1059688424084677,10000,0.6543747248985181,0.669,0.3861421869361241,0.3745,0.32689630122888796,0.27,0.69,0.7521,0.7828313393231228,0.8408,0.49254142125832556,0.4474,0.8210139894830837,0.8275,0.8969569147333534,0.8931,0.6657471701702654,0.6999,0.822151628656773,0.867,grassland
123,42,B,4,0.7202,0.7080003395010946,0.3314,0.005054114787578584,0.9398224507414487,50000,0.686905916585839,0.7082,0.4234940764224929,0.3807,0.3916100443131462,0.3314,0.7434201266713582,0.7923,0.8118577793943803,0.8928,0.5459465429644356,0.4943,0.8615769712140176,0.8605,0.9590660705414804,0.9653,0.7523467697404749,0.8175,0.903779097163321,0.959,grassland
123,42,C,4,0.60751,0.5931779408594703,0.1647,0.013650974903106686,4.498223733361516,10000,0.6152986590816741,0.6057,0.36958559909994376,0.3942,0.2259724223091171,0.1647,0.6480845932659308,0.6987,0.7527364076798851,0.839,0.43309961175175293,0.3737,0.7945662301995978,0.8101,0.7936055713833492,0.7521,0.585843742346314,0.598,0.7129865714771375,0.8389,grassland
123,42,D,4,0.64428,0.628886900461436,0.1917,0.024309862163364886,1.837536275119175,50000,0.6373782467532467,0.6282,0.38957449849907083,0.4088,0.2588441803942749,0.1917,0.6819529368167501,0.7361,0.7692649147727273,0.8665,0.4589255174854043,0.3891,0.8059555294348124,0.8228,0.8677313054499366,0.8558,0.6318299031771517,0.6493,0.7874119718309859,0.8945,grassland
123,42,A,5,0.66994,0.659204441551654,0.2733,0.009036921930909148,1.1729197886397984,10000,0.6471872209544598,0.6523,0.3995062744291298,0.3884,0.3343119266055046,0.2733,0.6960423584313021,0.7756,0.7806272978984159,0.8599,0.4890981447228294,0.4363,0.8244531688166012,0.8085,0.9030773079809857,0.9024,0.677604824007853,0.7248,0.8401358916694579,0.8779,grassland
123,42,B,5,0.71082,0.6990514289539153,0.315,0.007790346047282198,0.9109935590445453,60000,0.6810320385596824,0.7206,0.41874021698062286,0.3879,0.38142519828055943,0.315,0.7356068940227356,0.8024,0.8062304164206894,0.8877,0.5338003113186569,0.4801,0.8523409363745498,0.852,0.948161543098252,0.9438,0.7381465001674561,0.7714,0.8950302343159486,0.9473,grassland
123,42,C,5,0.60159,0.5873476806800771,0.1691,0.011662264703214163,4.057237896091911,10000,0.6125752440689969,0.6055,0.3646715603237342,0.3875,0.22945925775154352,0.1691,0.6425009235315848,0.6957,0.7493304767005892,0.8394,0.42506619593998235,0.3612,0.7915930072677274,0.806,0.7824479881719295,0.7409,0.5758026159334126,0.5811,0.7000295371112705,0.8295,grassland
123,42,D,5,0.64616,0.6318022390147379,0.2045,0.030911637469828123,1.9476764358618621,60000,0.638795819372906,0.6387,0.3878612716763006,0.4026,0.26881367071968454,0.2045,0.6838819523269013,0.723,0.7710811171989843,0.8655,0.459828255499353,0.3909,0.8070658859420361,0.8201,0.8717767216098695,0.8621,0.6354011976047904,0.6632,0.7935164981965535,0.891,grassland
123,42,A,6,0.67132,0.6612423789014628,0.2718,0.009165818869173517,1.2505268722746399,10000,0.6513654557430207,0.6428,0.40334839769926045,0.3927,0.3328434974283615,0.2718,0.6913045440187717,0.766,0.7813448624781529,0.8494,0.5003470183118894,0.4686,0.8230773120291247,0.8139,0.9095697108218225,0.9153,0.6741927768476441,0.7047,0.8450302136365799,0.888,grassland
123,42,B,6,0.7295,0.7183651770530581,0.3035,0.005920526313930724,0.9149472354873947,70000,0.6906162600057865,0.7161,0.4570627409744129,0.4564,0.3890526855531342,0.3035,0.7490840005428145,0.828,0.8211549243132125,0.8788,0.5655687454717717,0.5074,0.8600743494423791,0.8676,0.9582266009852217,0.9726,0.7675996607294318,0.8145,0.925211802512416,0.9501,grassland
123,42,C,6,0.59705,0.5826273068512272,0.1586,0.01071494847252966,4.2688781776644245,10000,0.6100776778413737,0.5969,0.36526276556093923,0.392,0.21818682074563214,0.1586,0.6375832800949165,0.6986,0.7469620196403749,0.8329,0.42121408766444457,0.357,0.7893908079913394,0.8021,0.7713857998289136,0.7214,0.5718771465018153,0.5828,0.6943326626425218,0.8282,grassland
123,42,D,6,0.64601,0.6309689444389013,0.2001,0.035431277754306795,2.0740160799199194,70000,0.6392168735492986,0.6334,0.3859119251753702,0.3961,0.2659489633173844,0.2001,0.6857195284187348,0.7474,0.7712621704530298,0.8674,0.46078259343744515,0.3939,0.8076638190706632,0.8178,0.8711405970910947,0.8535,0.6338664981282512,0.6519,0.7881764757477414,0.8986,grassland
123,42,A,7,0.65234,0.6394129489534778,0.2234,0.0071258771941065755,1.1049093392231177,10000,0.64282494365139,0.6417,0.3836445186189632,0.3678,0.28630014097142126,0.2234,0.6802364339362695,0.7653,0.7766733540032829,0.8517,0.48210445044945677,0.4371,0.8131216718577313,0.8093,0.875421893103622,0.8689,0.6442378497790869,0.6999,0.8095642331635541,0.8583,grassland
123,42,B,7,0.72935,0.7186021702223802,0.3304,0.00613532283902168,0.8987011340591646,80000,0.6875031254688203,0.6874,0.4644179558711641,0.4578,0.4033449307208692,0.3304,0.7502145147450662,0.8306,0.8147641208139429,0.8929,0.5497327445967929,0.4731,0.863478654397345,0.8586,0.964164841728051,0.9686,0.7642004341534009,0.8449,0.9242003797283482,0.9492,grassland
123,42,C,7,0.59302,0.5776448286619755,0.1545,0.011556912306845185,4.202649267829534,10000,0.6103257529194838,0.5958,0.35630108344421213,0.3749,0.21443442054129078,0.1545,0.6356251418198321,0.7003,0.7430484266904709,0.8324,0.41656358602815574,0.3536,0.7876162819313876,0.8001,0.7615753060138372,0.7155,0.5684356161676055,0.5752,0.682522671063479,0.8279,grassland
123,42,D,7,0.64491,0.6298263938983435,0.1928,0.035196472654044623,2.116529409965085,80000,0.6354742231459422,0.6268,0.3857484457197513,0.4033,0.259348937315039,0.1928,0.6842469865607537,0.7408,0.7704699181203275,0.8657,0.46042069490830256,0.3929,0.8077547606160508,0.8208,0.8727940426400081,0.8556,0.6331424133579264,0.6522,0.7888635165993325,0.8982,grassland
123,42,A,8,0.65154,0.6396170502808953,0.2323,0.005547858031243094,1.0930667614029825,10000,0.642750229346724,0.6656,0.38670013832675854,0.3774,0.2906474820143885,0.2323,0.6886779474480671,0.7509,0.7719633829758163,0.8475,0.48029163818637505,0.4216,0.8099794599468965,0.8084,0.8720052676898141,0.8608,0.6503039233744704,0.7061,0.8028510334996436,0.8448,grassland
123,42,B,8,0.73501,0.7243677096269229,0.3239,0.005502172999978043,0.8982780730340119,90000,0.6914883124568498,0.7011,0.46864620030196275,0.4656,0.40976658865203364,0.3239,0.7531582295737526,0.8287,0.8171619579651083,0.8923,0.568738229755179,0.5134,0.8651595478643593,0.8649,0.9662619426751592,0.9709,0.7786309888349743,0.8264,0.9246650981898498,0.9629,grassland
123,42,C,8,0.58965,0.5735419283917789,0.1473,0.012445240978747604,4.171870583502499,10000,0.6090660176452692,0.6006,0.3526666666666667,0.3703,0.20627363114409747,0.1473,0.6331363615859985,0.7018,0.7406911331368872,0.8295,0.41380943921359625,0.3494,0.7858193586348926,0.8013,0.7592641679478344,0.7161,0.5595124162595074,0.5554,0.6751800916830386,0.8248,grassland
123,42,D,8,0.64579,0.6305746180578384,0.1928,0.03579503668010234,2.17468305523704,90000,0.6371902478017586,0.6377,0.3840843720038351,0.4006,0.2603822000135053,0.1928,0.6847184741343822,0.7485,0.7721869693448923,0.864,0.4604367639225898,0.389,0.8079790648299018,0.8182,0.8745017884517118,0.8557,0.6337102541799555,0.6557,0.7905560458958517,0.8957,grassland
123,42,A,9,0.64666,0.6351410385310079,0.2335,0.006195211593657722,1.0647782519707407,10000,0.64614054469475,0.6726,0.36825530128070544,0.3508,0.2863976450386361,0.2335,0.6838464038631192,0.7364,0.77644987956272,0.8381,0.47693817468105987,0.4374,0.8107629494810369,0.8241,0.8694954358511385,0.8668,0.632722463631211,0.6698,0.8004015872257015,0.8371,grassland
123,42,B,9,0.72724,0.7163269887822847,0.3363,0.0055881895554065865,0.9100621598202009,100000,0.686723023371457,0.6905,0.44818583835047154,0.4206,0.4074388175430094,0.3363,0.7486841503043618,0.8179,0.8130223160988154,0.8853,0.5573645104895105,0.5101,0.8619645604804685,0.8683,0.9630185657809138,0.9622,0.7630848899574626,0.8252,0.9137832154463774,0.956,grassland
123,42,C,9,0.58607,0.5686728880302668,0.1309,0.014225805439651027,4.047777783721189,10000,0.604392804362228,0.593,0.3539117798715605,0.3775,0.1896551724137931,0.1309,0.6323976399070267,0.7074,0.7401532464040865,0.8259,0.4058767319636885,0.3398,0.783673071296206,0.8035,0.7536001694197374,0.7117,0.5544683626875407,0.5525,0.6685999019768012,0.8185,grassland
123,42,D,9,0.64237,0.6267544952743306,0.1897,0.02240381824880838,2.1763367587015443,100000,0.6377724209179908,0.6482,0.38033232921970656,0.3914,0.25619555675602673,0.1897,0.6833271167474823,0.7328,0.7669179600886918,0.8647,0.4572569281352748,0.3894,0.8052278623525381,0.8225,0.8669945691156881,0.8461,0.6280822917173289,0.6457,0.7854379176925783,0.8932,grassland
256,42,A,0,0.65457,0.6402013019062791,0.2282,0.004951984353363509,1.0169358922922036,10000,0.6518343892736114,0.6636,0.3727695468800692,0.3447,0.2889522000633112,0.2282,0.6915728743024685,0.7312,0.7754607829947531,0.8646,0.4744150861836062,0.439,0.8104779591437787,0.8292,0.8734045194934195,0.8793,0.6508122278919526,0.6951,0.8123134328358209,0.8708,grassland
256,42,B,0,0.65457,0.6402013019062791,0.2282,0.004951984353363509,1.0169358922922036,10000,0.6518343892736114,0.6636,0.3727695468800692,0.3447,0.2889522000633112,0.2282,0.6915728743024685,0.7312,0.7754607829947531,0.8646,0.4744150861836062,0.439,0.8104779591437787,0.8292,0.8734045194934195,0.8793,0.6508122278919526,0.6951,0.8123134328358209,0.8708,grassland
256,42,C,0,0.65457,0.6402013019062791,0.2282,0.004951984353363509,1.0169358922922036,10000,0.6518343892736114,0.6636,0.3727695468800692,0.3447,0.2889522000633112,0.2282,0.6915728743024685,0.7312,0.7754607829947531,0.8646,0.4744150861836062,0.439,0.8104779591437787,0.8292,0.8734045194934195,0.8793,0.6508122278919526,0.6951,0.8123134328358209,0.8708,grassland
256,42,D,0,0.65457,0.6402013019062791,0.2282,0.004951984353363509,1.0169358922922036,10000,0.6518343892736114,0.6636,0.3727695468800692,0.3447,0.2889522000633112,0.2282,0.6915728743024685,0.7312,0.7754607829947531,0.8646,0.4744150861836062,0.439,0.8104779591437787,0.8292,0.8734045194934195,0.8793,0.6508122278919526,0.6951,0.8123134328358209,0.8708,grassland
256,42,A,1,0.64074,0.6269400573733497,0.2277,0.005253370871692888,0.9602146830726147,10000,0.649250936329588,0.6934,0.36542786762343366,0.3412,0.28354398854367724,0.2277,0.6835478586473204,0.7302,0.7715019255455713,0.8414,0.46015308419630796,0.4088,0.8053280710409472,0.8162,0.8422415940224159,0.8454,0.6317196600782966,0.6616,0.7766855877059393,0.8415,grassland
256,42,B,1,0.67666,0.6639720172811747,0.2549,0.004640138579308999,0.9936865161297979,20000,0.6635173703375652,0.6742,0.39612869474234896,0.3786,0.3134915754519739,0.2549,0.7137361606305123,0.7607,0.7920664799595978,0.8626,0.5014377350143774,0.4534,0.8235064046152342,0.8422,0.9132105604631432,0.9149,0.6789706511915521,0.7137,0.843654540405443,0.9114,grassland
256,42,C,1,0.63514,0.6195297782854506,0.1966,0.009349397673010813,2.90301598922541,10000,0.640085786703061,0.6566,0.36487773896475073,0.3447,0.26060445387062564,0.1966,0.6663859255100131,0.7121,0.7581204947939841,0.8519,0.4553114158268627,0.4134,0.7963747414047877,0.8084,0.8491816447434481,0.8457,0.6246714232069095,0.6654,0.7796841578300642,0.8566,grassland
256,42,D,1,0.64666,0.6305354188226654,0.1914,0.020126489382684215,1.3482250354053225,20000,0.6471407260069617,0.6507,0.38042579578338154,0.3681,0.25842165665294,0.1914,0.6808937528499772,0.7466,0.7715808807059983,0.8612,0.4633269684376053,0.4125,0.8050190189201205,0.8148,0.8619664365267349,0.8552,0.6425109623817217,0.696,0.7940679899612137,0.8701,grassland
256,42,A,2,0.65151,0.6391950521889609,0.2483,0.004120463845580801,1.0240957521466916,10000,0.6519607843137255,0.6783,0.36508526802316316,0.3436,0.300678130297893,0.2483,0.6859415204678363,0.7331,0.7785438499724214,0.8469,0.4795536959553696,0.4298,0.8115069574657061,0.8223,0.8719530394985574,0.8764,0.644395730080061,0.6761,0.8023315458148753,0.8603,grassland
256,42,B,2,0.68782,0.6759149345825166,0.291,0.0064304793052375325,0.9469506579967379,30000,0.6688134753529849,0.675,0.4002793896410918,0.3725,0.34694485842026823,0.291,0.7215339770449991,0.7921,0.7954607852109453,0.8692,0.5098371777476255,0.4509,0.8324159622567329,0.8469,0.9254544553965031,0.9342,0.6933553446141147,0.756,0.8650539201399009,0.8904,grassland
256,42,C,2,0.62448,0.6077044809112795,0.1712,0.015254587903022759,3.4687876857691844,10000,0.6345899955992372,0.6489,0.36480132279233196,0.353,0.23612164678298048,0.1712,0.6561363113055492,0.7124,0.7510679957280171,0.8439,0.4515622370561508,0.4025,0.7909610082709728,0.8033,0.8278182274667336,0.8243,0.6088307286763321,0.6467,0.755155335434489,0.8386,grassland
256,42,D,2,0.64895,0.6328977201714056,0.1879,0.030518218263387683,1.5880529293873686,30000,0.6489619977208542,0.6549,0.38722966014418125,0.376,0.2564487511942132,0.1879,0.6814503223446573,0.7452,0.7687047644420762,0.8656,0.4683303491495076,0.4185,0.8062382785509822,0.8168,0.8682777919104554,0.8533,0.6443671639059211,0.7041,0.798968122351207,0.8672,grassland
256,42,A,3,0.67218,0.6628171369419322,0.2971,0.0059414371821284355,1.184322531996675,10000,0.6565043519171959,0.6977,0.384706008353861,0.3592,0.3398341435516157,0.2971,0.6975971127362522,0.7345,0.7891851365915374,0.8421,0.4981424825174825,0.4559,0.8232509983730217,0.8349,0.914535497161232,0.9101,0.6714940864108134,0.6955,0.8529215518063101,0.8948,grassland
256,42,B,3,0.70617,0.694562097734998,0.3071,0.004382967305928479,0.9511935207257171,40000,0.6777274042635285,0.7026,0.42198952879581153,0.403,0.3693325315694528,0.3071,0.738623936094337,0.7767,0.8044682590137135,0.8858,0.5280930284564208,0.4723,0.8416973264655384,0.8579,0.946295840511937,0.9612,0.7259629238305638,0.7558,0.8914301983486761,0.9393,grassland
256,42,C,3,0.62069,0.6029392730747059,0.1534,0.016069439949393246,4.380035460558583,10000,0.6306113515879578,0.6483,0.36164887367829596,0.354,0.21901770416904626,0.1534,0.6541035094906459,0.7185,0.7472057710290778,0.839,0.4518431766214935,0.4051,0.790442267735233,0.7989,0.8236183183031891,0.8174,0.6049264846286042,0.6336,0.7459752735035133,0.8387,grassland
256,42,D,3,0.6469,0.6300918534619718,0.173,0.031441408755928255,1.7566059694497727,40000,0.6468526289804987,0.6551,0.3873136949867015,0.3859,0.2431482782853127,0.173,0.6804275709546628,0.7384,0.7715372566569703,0.862,0.46586799276672697,0.4122,0.8044565486506561,0.8123,0.8651616839536302,0.8508,0.6423464043357472,0.7052,0.7938064750488126,0.8741,grassland
256,42,A,4,0.66089,0.6476571258252324,0.2292,0.010384120791256425,1.023163191157458,10000,0.660751669823547,0.6628,0.3975594749794914,0.3877,0.2933384526780572,0.2292,0.6880200411559453,0.769,0.784328152303872,0.8528,0.4772932670582919,0.4225,0.816631975418773,0.8239,0.8796179944709726,0.875,0.661275415896488,0.7155,0.8177548144668859,0.8705,grassland
256,42,B,4,0.72167,0.711016656780175,0.3371,0.0068283542591333285,0.9248721096686737,50000,0.6842130587499399,0.711,0.43852007347152977,0.4178,0.4022913061638523,0.3371,0.7473853950702604,0.8111,0.8130185652074261,0.8868,0.5416949920688874,0.4781,0.852183320220299,0.8665,0.9597501734906315,0.9681,0.7547152018106374,0.8003,0.9163944815482864,0.9399,grassland
256,42,C,4,0.61644,0.5984583401542938,0.1477,0.018541758861839768,4.26898269483463,10000,0.6287878787878788,0.6474,0.36011813830328954,0.3536,0.2127016129032258,0.1477,0.6452878387008485,0.7073,0.7452027959574373,0.8369,0.4464636266756408,0.398,0.7898095473658174,0.7983,0.815664955199839,0.8102,0.5999716994481392,0.636,0.7405753082008218,0.829,grassland
256,42,D,4,0.64639,0.6298489574167465,0.1768,0.03425361947223544,1.8685068390351387,50000,0.6470501256838681,0.6564,0.38544719555330975,0.3814,0.2459654980523094,0.1768,0.6795921166948649,0.7431,0.7688805570433851,0.8613,0.46450442277160353,0.4096,0.8060263653483992,0.8132,0.8635046515174623,0.8493,0.6435778565584946,0.708,0.7939407849437686,0.8648,grassland
256,42,A,5,0.65501,0.6421747071405889,0.2373,0.012094043117761598,1.0577807232219534,10000,0.6525980297469577,0.6757,0.38560091291042065,0.3717,0.3007985803016859,0.2373,0.6793058839273766,0.7614,0.7772679780129923,0.8555,0.4803966263961705,0.4215,0.8108861137370018,0.8149,0.8747667322338226,0.8672,0.652268225973781,0.6916,0.8078579881656804,0.8533,grassland
256,42,B,5,0.7276,0.7165370849445181,0.326,0.00902233891218899,0.9073998347618651,60000,0.6885579861279527,0.7098,0.44597290769715425,0.4247,0.3987036017856051,0.326,0.7521492591915128,0.8224,0.8157404462216568,0.8976,0.552606475506425,0.4924,0.8573853989813243,0.8585,0.9631327222000797,0.9666,0.7653505755032788,0.8345,0.9257714762301918,0.9435,grassland
256,42,C,5,0.60923,0.59062837612293,0.1396,0.019259717589616775,3.810804489763699,10000,0.6251381879355924,0.6503,0.35408798611819947,0.3469,0.20418312125201113,0.1396,0.6428022598870057,0.7111,0.74162573565202,0.838,0.44021032396675525,0.3893,0.7896456147297565,0.7977,0.7911685404690441,0.7776,0.5957908644771612,0.6313,0.7216311267417531,0.8105,grassland
256,42,D,5,0.64508,0.6283533860033883,0.1745,0.03586376065403223,1.953497993358174,60000,0.6453667761520852,0.6484,0.3861924477477927,0.3871,0.24517035475939586,0.1745,0.6792141020932795,0.7398,0.7656229298237865,0.8668,0.46106133700895935,0.4014,0.8056730529982583,0.8095,0.8622516556291391,0.8463,0.6408929294747738,0.712,0.7920882743464127,0.865,grassland
256,42,A,6,0.67616,0.6664831199158605,0.299,0.007265228072851901,1.2676282793969016,10000,0.6553953257086027,0.659,0.40193236714975844,0.3952,0.3576768945511095,0.299,0.6967630478268776,0.7663,0.7732840929562241,0.8585,0.4939475646836097,0.4305,0.8221339900487511,0.8179,0.9178352655292867,0.9065,0.6857595231442675,0.7363,0.8601031275601175,0.8924,grassland
256,42,B,6,0.72324,0.7130024867451159,0.3385,0.010285645116120583,0.8906390412538838,70000,0.6903819513160498,0.6977,0.444294465787561,0.4279,0.40514661879114305,0.3385,0.7410845793349699,0.8302,0.8133083497097939,0.8898,0.5464990614868324,0.4804,0.8541604533253803,0.8592,0.9602079584083183,0.9604,0.7528306319003993,0.8012,0.9221107973907117,0.9471,grassland
256,42,C,6,0.60125,0.5821353803503516,0.1303,0.013265396371781835,4.0955363522944,10000,0.6230200633579726,0.649,0.34674827850038253,0.3399,0.19459378733572283,0.1303,0.6342937012489291,0.7034,0.7406557521733375,0.8392,0.4314124293785311,0.3818,0.7847014180147793,0.7858,0.7729128973895063,0.7476,0.5873790966287914,0.6255,0.7056363794755641,0.81,grassland
256,42,D,6,0.64592,0.6288603636345946,0.1727,0.03525592860400677,2.0266697306519976,70000,0.6470879066548008,0.6544,0.3821610601427115,0.3749,0.24267547249350102,0.1727,0.6783880786879287,0.7466,0.7686877261963272,0.8602,0.4656406787304809,0.413,0.8048309656981636,0.813,0.8638336529726456,0.8558,0.6409423233143785,0.7101,0.7943557714550081,0.8585,grassland
256,42,A,7,0.65165,0.6393396518694571,0.2459,0.010432516135573387,1.0636349341279092,10000,0.6574198502591668,0.6849,0.3704410517387617,0.3494,0.30339296730413323,0.2459,0.6838238608193987,0.7586,0.7656277827248442,0.8598,0.4750028086731828,0.4228,0.806174606419955,0.7886,0.8793223716990534,0.8824,0.6441287878787879,0.6802,0.8080624311772873,0.8439,grassland
256,42,B,7,0.73517,0.724701123515239,0.3378,0.011128038935661288,0.8858340212247989,80000,0.6947718491710275,0.7103,0.4604783137413863,0.4544,0.41652281134401975,0.3378,0.7545321369712507,0.8241,0.8170073886043244,0.9012,0.562870159453303,0.4942,0.8624787775891342,0.8636,0.9675589610906558,0.9723,0.7811696507877145,0.8355,0.9296211863995731,0.9583,grassland
256,42,C,7,0.59732,0.5782536747889757,0.1245,0.016689394692480552,4.578585746664989,10000,0.6225973265684457,0.6381,0.34891216760676874,0.3464,0.1869650097612254,0.1245,0.6307110029737767,0.6999,0.7362204724409449,0.8415,0.42722074392798504,0.3773,0.7832070203430395,0.7854,0.763060189300842,0.7296,0.5829211385907607,0.6246,0.7007216763759673,0.8059,grassland
256,42,D,7,0.64583,0.6291051548979432,0.1745,0.03775987617701293,2.1010991150752694,80000,0.6465889357479534,0.6516,0.3822195034918693,0.3749,0.24439775910364145,0.1745,0.679392465470564,0.7403,0.7661140172001064,0.8641,0.46734705259048576,0.419,0.8071421525106047,0.8182,0.8646938775510205,0.8474,0.6408985494065754,0.7047,0.7922572359066098,0.8636,grassland
256,42,A,8,0.67152,0.6627062977878222,0.2923,0.007237560195177814,1.303594957966383,10000,0.6561384096967259,0.6523,0.4153959303750919,0.4236,0.34692303127410834,0.2923,0.6929393953296326,0.7552,0.7802024329092766,0.8402,0.4963172804532578,0.438,0.8183100010071508,0.8125,0.9114754098360656,0.9035,0.6681292964750621,0.6852,0.8412317905218514,0.9124,grassland
256,42,B,8,0.73215,0.7204328156068194,0.3122,0.011847337169647218,0.887213056147218,90000,0.6941281314981681,0.701,0.46850851053083487,0.4638,0.40296869958050985,0.3122,0.7496489559269829,0.8275,0.8134314794620138,0.8951,0.561094156211145,0.4964,0.857001239157373,0.8645,0.9627791563275434,0.97,0.7685147159479808,0.8421,0.926253111425643,0.9489,grassland
256,42,C,8,0.59373,0.5749258580587635,0.1234,0.013373294208496807,4.415809250854236,10000,0.6194389069869208,0.637,0.34826270335408716,0.3468,0.18534094322619404,0.1234,0.6283233857840478,0.6948,0.7349761456646386,0.8396,0.42531014558431995,0.3754,0.7846107544141252,0.7821,0.755039899202016,0.7191,0.5802758750117294,0.6184,0.6876798213595569,0.8007,grassland
256,42,D,8,0.64662,0.6294870037536308,0.1713,0.03868678322836757,2.1542591380532032,90000,0.6475295059011802,0.6474,0.3854875283446712,0.3825,0.2424800056621134,0.1713,0.6785810025913681,0.7594,0.7677872643187478,0.8633,0.4658511722731906,0.4113,0.8061807522233815,0.8113,0.8652957603452653,0.8521,0.6419651434060656,0.7017,0.7937119024703241,0.8659,grassland
256,42,A,9,0.65164,0.6400503420845046,0.2464,0.005763133648782978,1.0508558250605917,10000,0.651445818323435,0.6691,0.38110984809341736,0.3688,0.3006527972667927,0.2464,0.6839259530791789,0.7463,0.7757157511890329,0.8318,0.47804604154969116,0.4257,0.8118428883158103,0.8185,0.8783173768540106,0.8853,0.6445284463371453,0.6735,0.7949184998365326,0.851,grassland
256,42,B,9,0.73451,0.7216106725672771,0.3024,0.01294311758890748,0.8580258850794972,100000,0.6964538315204136,0.7139,0.45849224178465076,0.4388,0.39503592423252776,0.3024,0.7531797562928044,0.8468,0.8170915226412513,0.8959,0.5681390457212443,0.5132,0.8597303080061701,0.8639,0.9684885526777216,0.9666,0.7751169577099449,0.8367,0.9243785850860421,0.9669,grassland
256,42,C,9,0.58863,0.5694803527329241,0.1201,0.018503400266468528,4.564928076619423,10000,0.6172623389253586,0.6347,0.34440232499368206,0.3407,0.1808326432281864,0.1201,0.6215789710987871,0.6893,0.7304036969221379,0.8377,0.4203943661971831,0.3731,0.7814904920311802,0.787,0.7459025060801523,0.7054,0.5740590564327624,0.6017,0.6784771314198109,0.7966,grassland
256,42,D,9,0.64634,0.6297582683881028,0.1654,0.03895589260831475,2.2158384391802644,100000,0.6455843042316034,0.64,0.39015077344820837,0.3985,0.23694577752310006,0.1654,0.6813605442176871,0.7512,0.7664553876157971,0.8646,0.46820452376943367,0.4171,0.8084426924804151,0.8101,0.8662446395752501,0.8484,0.6417739496953315,0.7004,0.7924200913242009,0.8677,grassland
