sampling_seed,arm,gen,class,recall,precision,f1
42,A,0,tree_cover,0.6804,0.6284869757990024,0.6534140017286085
42,A,0,shrubland,0.3167,0.39562773266708307,0.351791169119689
42,A,0,grassland,0.2054,0.37708830548926014,0.2659416067844889
42,A,0,cropland,0.7203,0.6474024806758943,0.6819085487077535
42,A,0,built_up,0.8552,0.7109485410258541,0.7764310681374551
42,A,0,bare_sparse_vegetation,0.4217,0.5260072346264189,0.46811344840983515
42,A,0,permanent_water,0.8304,0.7853967653456918,0.807271666747679
42,A,0,snow_and_ice,0.8702,0.8474048105949946,0.8586511421382407
42,A,0,herbaceous_wetland,0.6927,0.5940313866735272,0.6395826600803288
42,A,0,moss_lichen,0.8773,0.728231094878393,0.795845239715154
42,A,1,tree_cover,0.6675,0.6451145259495505,0.6561163807932373
42,A,1,shrubland,0.3583,0.3989977728285078,0.3775553213909379
42,A,1,grassland,0.2701,0.3842651870820885,0.3172235598097363
42,A,1,cropland,0.7207,0.6667591821630123,0.6926810514681148
42,A,1,built_up,0.8453,0.7330673835747117,0.7851934420138407
42,A,1,bare_sparse_vegetation,0.4361,0.5409327710245596,0.48289225999335617
42,A,1,permanent_water,0.8275,0.8225646123260437,0.825024925224327
42,A,1,snow_and_ice,0.8959,0.883356339972392,0.8895839539271174
42,A,1,herbaceous_wetland,0.6987,0.6179357919872646,0.6558408034918103
42,A,1,moss_lichen,0.8937,0.761697775504986,0.8224359269313947
42,A,2,tree_cover,0.6738,0.64293893129771,0.6580078125
42,A,2,shrubland,0.3871,0.3905367231638418,0.38881076737645637
42,A,2,grassland,0.2639,0.40500306936771024,0.3195689028820538
42,A,2,cropland,0.7185,0.676936122102883,0.6970990588920152
42,A,2,built_up,0.8433,0.7281754598048528,0.7815207821695009
42,A,2,bare_sparse_vegetation,0.4487,0.54513424857247,0.49223849487137294
42,A,2,permanent_water,0.8226,0.8278152359867164,0.8251993780408287
42,A,2,snow_and_ice,0.9148,0.8860906625339016,0.9002164928163748
42,A,2,herbaceous_wetland,0.7009,0.6349882225040768,0.666318091073296
42,A,2,moss_lichen,0.8932,0.7857834081111991,0.8360555997566339
42,A,3,tree_cover,0.6928,0.6329830973047054,0.6615421341608976
42,A,3,shrubland,0.3791,0.398005249343832,0.38832266325224074
42,A,3,grassland,0.2452,0.41496023015738703,0.3082531900182287
42,A,3,cropland,0.7571,0.6491468747320587,0.6989798273553987
42,A,3,built_up,0.8386,0.743835373425581,0.7883801823822507
42,A,3,bare_sparse_vegetation,0.4429,0.5361985472154963,0.48510405257393213
42,A,3,permanent_water,0.8232,0.8200019922303018,0.8215978841259544
42,A,3,snow_and_ice,0.9038,0.8897420752116558,0.8967159440420676
42,A,3,herbaceous_wetland,0.6965,0.6386392811296534,0.6663158901750694
42,A,3,moss_lichen,0.8861,0.7827047080646586,0.8311992870878477
42,A,4,tree_cover,0.6849,0.6360512630014858,0.6595724191063173
42,A,4,shrubland,0.3695,0.3925005311238581,0.38065313691150715
42,A,4,grassland,0.2505,0.4124814753828421,0.311702855720774
42,A,4,cropland,0.7622,0.6194733420026007,0.6834648493543759
42,A,4,built_up,0.8388,0.7379255740300871,0.7851359573173584
42,A,4,bare_sparse_vegetation,0.4391,0.544721498573378,0.4862410719229279
42,A,4,permanent_water,0.8146,0.8137862137862137,0.8141929035482258
42,A,4,snow_and_ice,0.8811,0.8840172569479282,0.8825562177593028
42,A,4,herbaceous_wetland,0.696,0.6167478954364201,0.6539816772374912
42,A,4,moss_lichen,0.8384,0.7798344340061389,0.8080574430147945
42,A,5,tree_cover,0.6556,0.6608870967741935,0.6582329317269076
42,A,5,shrubland,0.3891,0.3980562659846547,0.39352718078381793
42,A,5,grassland,0.2607,0.413284717818643,0.3197203826342899
42,A,5,cropland,0.7695,0.6260169215750081,0.6903821998923381
42,A,5,built_up,0.8582,0.7138579271335884,0.7794024157660521
42,A,5,bare_sparse_vegetation,0.4327,0.560564840005182,0.4884022800383769
42,A,5,permanent_water,0.8149,0.8300061112242819,0.8223836915935008
42,A,5,snow_and_ice,0.8826,0.886144578313253,0.8843687374749498
42,A,5,herbaceous_wetland,0.6857,0.6286211954528786,0.6559211784962694
42,A,5,moss_lichen,0.872,0.7731867352367441,0.8196259046902904
42,A,6,tree_cover,0.6724,0.6298239040839265,0.6504159411878506
42,A,6,shrubland,0.3821,0.40644612275289865,0.39389722179269104
42,A,6,grassland,0.28,0.44500953591862685,0.34372698256813167
42,A,6,cropland,0.7696,0.6307162760203245,0.6932708764976129
42,A,6,built_up,0.8434,0.7276962899050906,0.7812876331635017
42,A,6,bare_sparse_vegetation,0.4409,0.5740885416666667,0.49875565610859734
42,A,6,permanent_water,0.8153,0.8260385005065856,0.8206341217916456
42,A,6,snow_and_ice,0.8914,0.9144439885104637,0.9027749645533726
42,A,6,herbaceous_wetland,0.7184,0.6197377501725327,0.6654316413486476
42,A,6,moss_lichen,0.877,0.800986391451274,0.8372714688051935
42,A,7,tree_cover,0.6442,0.648545253196416,0.6463653238348468
42,A,7,shrubland,0.3826,0.39370240790286065,0.3880718125570545
42,A,7,grassland,0.2247,0.4115384615384615,0.2906856403622251
42,A,7,cropland,0.7709,0.5938222153751348,0.6708728570185363
42,A,7,built_up,0.8484,0.7128812704814721,0.7747591434181088
42,A,7,bare_sparse_vegetation,0.402,0.5630252100840336,0.46907817969661614
42,A,7,permanent_water,0.8127,0.8014002563849719,0.8070105754431259
42,A,7,snow_and_ice,0.8547,0.870987465606848,0.8627668702367133
42,A,7,herbaceous_wetland,0.7067,0.5839048169875237,0.6394607066913994
42,A,7,moss_lichen,0.8263,0.7644555463040059,0.7941755970974097
42,A,8,tree_cover,0.6428,0.6481798931128365,0.6454787367575437
42,A,8,shrubland,0.3792,0.4074352637799506,0.3928108976019061
42,A,8,grassland,0.2785,0.4280006147226064,0.3374326043496698
42,A,8,cropland,0.7513,0.6364252435408725,0.6891080027516624
42,A,8,built_up,0.8462,0.7065798263193053,0.7701128503822351
42,A,8,bare_sparse_vegetation,0.4458,0.5394482090997096,0.488173455978975
42,A,8,permanent_water,0.8061,0.8256683396496979,0.8157668370186714
42,A,8,snow_and_ice,0.8801,0.897420210054043,0.8886757207048013
42,A,8,herbaceous_wetland,0.7139,0.6178277801817396,0.6623985154256553
42,A,8,moss_lichen,0.8715,0.7852058744030994,0.8261055026304565
42,A,9,tree_cover,0.6562,0.6488036385208622,0.6524808591031124
42,A,9,shrubland,0.3622,0.39216110870506715,0.3765855687253067
42,A,9,grassland,0.2888,0.37216494845360826,0.32522522522522523
42,A,9,cropland,0.7183,0.6396260017809439,0.6766839378238342
42,A,9,built_up,0.8344,0.7143835616438357,0.7697416974169742
42,A,9,bare_sparse_vegetation,0.419,0.5448634590377113,0.4737139626907857
42,A,9,permanent_water,0.8179,0.7994330954940866,0.8085611190746874
42,A,9,snow_and_ice,0.8737,0.8597716984845503,0.866679892867771
42,A,9,herbaceous_wetland,0.6813,0.609828141783029,0.6435858681277159
42,A,9,moss_lichen,0.8414,0.7845221445221445,0.811966224366707
42,B,0,tree_cover,0.6804,0.6284869757990024,0.6534140017286085
42,B,0,shrubland,0.3167,0.39562773266708307,0.351791169119689
42,B,0,grassland,0.2054,0.37708830548926014,0.2659416067844889
42,B,0,cropland,0.7203,0.6474024806758943,0.6819085487077535
42,B,0,built_up,0.8552,0.7109485410258541,0.7764310681374551
42,B,0,bare_sparse_vegetation,0.4217,0.5260072346264189,0.46811344840983515
42,B,0,permanent_water,0.8304,0.7853967653456918,0.807271666747679
42,B,0,snow_and_ice,0.8702,0.8474048105949946,0.8586511421382407
42,B,0,herbaceous_wetland,0.6927,0.5940313866735272,0.6395826600803288
42,B,0,moss_lichen,0.8773,0.728231094878393,0.795845239715154
42,B,1,tree_cover,0.696,0.6435506241331485,0.6687484986788375
42,B,1,shrubland,0.3763,0.41438167602686926,0.39442377233897596
42,B,1,grassland,0.2625,0.41345093715545755,0.3211205578322834
42,B,1,cropland,0.758,0.6740773677189862,0.7135796658037185
42,B,1,built_up,0.8657,0.7363272943778175,0.7957898607344762
42,B,1,bare_sparse_vegetation,0.4484,0.5821864450792003,0.5066094226641059
42,B,1,permanent_water,0.8383,0.8295072234316248,0.8338804337013827
42,B,1,snow_and_ice,0.9335,0.9085158150851581,0.9208384710234279
42,B,1,herbaceous_wetland,0.7313,0.6423928320449754,0.6839693228582118
42,B,1,moss_lichen,0.9134,0.8093212830054936,0.8582166682326411
42,B,2,tree_cover,0.6816,0.6474164133738601,0.6640685892439594
42,B,2,shrubland,0.3526,0.4058938643950731,0.37737464547546423
42,B,2,grassland,0.2385,0.4013800067317402,0.29920963492660896
42,B,2,cropland,0.7537,0.6502458804244673,0.698161270899912
42,B,2,built_up,0.8689,0.7159100271895855,0.7850205538239147
42,B,2,bare_sparse_vegetation,0.4362,0.5521518987341772,0.4873743016759776
42,B,2,permanent_water,0.8186,0.8158261909507674,0.8172107417390436
42,B,2,snow_and_ice,0.8977,0.8698643410852713,0.8835629921259844
42,B,2,herbaceous_wetland,0.7203,0.6018046620436127,0.6557421821657791
42,B,2,moss_lichen,0.8609,0.7903966213734851,0.8241432127130002
42,B,3,tree_cover,0.7032,0.6582420668351586,0.6799787264903545
42,B,3,shrubland,0.3957,0.4337389016770799,0.41384719970715894
42,B,3,grassland,0.31,0.47854276011114544,0.3762592547639277
42,B,3,cropland,0.788,0.6931738212526389,0.7375514788468738
42,B,3,built_up,0.8858,0.7476367319378798,0.8108751373123398
42,B,3,bare_sparse_vegetation,0.4733,0.6089809572825527,0.5326356065721359
42,B,3,permanent_water,0.8511,0.8507596961215513,0.8509298140371925
42,B,3,snow_and_ice,0.9623,0.9220965887313147,0.941769426502251
42,B,3,herbaceous_wetland,0.781,0.6798990162792722,0.7269511797831247
42,B,3,moss_lichen,0.9279,0.8590871215628183,0.8921686457381856
42,B,4,tree_cover,0.7231,0.6537974683544304,0.68670465337132
42,B,4,shrubland,0.412,0.4525980446006811,0.4313458619065068
42,B,4,grassland,0.3121,0.5076447625243982,0.38654941788456776
42,B,4,cropland,0.8129,0.6930684627845511,0.748216668967739
42,B,4,built_up,0.8895,0.7517748478701826,0.8148589226823012
42,B,4,bare_sparse_vegetation,0.4726,0.6296296296296297,0.5399291671426939
42,B,4,permanent_water,0.8637,0.8417308254556086,0.8525739104683876
42,B,4,snow_and_ice,0.9645,0.943184040680618,0.9537229308810441
42,B,4,herbaceous_wetland,0.791,0.7067548248749107,0.7465081162702908
42,B,4,moss_lichen,0.9483,0.8665813762222425,0.9056009167741013
42,B,5,tree_cover,0.6854,0.6828053397091054,0.6841002096017567
42,B,5,shrubland,0.4527,0.42893689596361567,0.44049819986377353
42,B,5,grassland,0.2939,0.4997449413365074,0.37012782570367103
42,B,5,cropland,0.8212,0.6617244157937148,0.7328871039714414
42,B,5,built_up,0.8878,0.7415017121857512,0.8080826468848132
42,B,5,bare_sparse_vegetation,0.4551,0.634020618556701,0.5298637792525323
42,B,5,permanent_water,0.8501,0.853599759011949,0.8518462848840122
42,B,5,snow_and_ice,0.9581,0.9315508021390374,0.9446388957357652
42,B,5,herbaceous_wetland,0.7657,0.6990140587913091,0.7308389806242246
42,B,5,moss_lichen,0.9324,0.8658989598811293,0.8979198767334361
42,B,6,tree_cover,0.7249,0.6614654621772059,0.6917314757383463
42,B,6,shrubland,0.41,0.46411591577994116,0.43538281830731657
42,B,6,grassland,0.3171,0.5402964729936957,0.39964711071901193
42,B,6,cropland,0.8106,0.7026089971396376,0.7527510795375401
42,B,6,built_up,0.8899,0.7483811285846439,0.8130281850988991
42,B,6,bare_sparse_vegetation,0.5103,0.613488819427747,0.5571568948575172
42,B,6,permanent_water,0.857,0.8622597846865881,0.8596218466322282
42,B,6,snow_and_ice,0.9662,0.9442924159499609,0.9551206010280744
42,B,6,herbaceous_wetland,0.8167,0.7129015363128491,0.7612788963460104
42,B,6,moss_lichen,0.9579,0.8735978112175102,0.9138087288337705
42,B,7,tree_cover,0.7143,0.6731693525586655,0.6931250303236135
42,B,7,shrubland,0.4169,0.4774939869430764,0.4451444130051786
42,B,7,grassland,0.346,0.5236077481840193,0.41666666666666663
42,B,7,cropland,0.8412,0.6792635658914729,0.7516082916368836
42,B,7,built_up,0.8851,0.7654587909712013,0.8209432824746093
42,B,7,bare_sparse_vegetation,0.5051,0.6454952076677316,0.5667321178120617
42,B,7,permanent_water,0.8616,0.8703030303030304,0.8659296482412062
42,B,7,snow_and_ice,0.9705,0.9579508439443293,0.9641845909294123
42,B,7,herbaceous_wetland,0.8365,0.7153240978279459,0.7711809716972434
42,B,7,moss_lichen,0.949,0.8992703496636028,0.9234661606578114
42,B,8,tree_cover,0.7109,0.6798967100229534,0.6950527962456003
42,B,8,shrubland,0.4768,0.4557445995029631,0.46603460072329195
42,B,8,grassland,0.3137,0.5768664950349394,0.40639979271926413
42,B,8,cropland,0.8294,0.6913395015420521,0.7541028322043916
42,B,8,built_up,0.8992,0.7418529824271924,0.8129831381944759
42,B,8,bare_sparse_vegetation,0.4873,0.6531296072912478,0.5581581810892847
42,B,8,permanent_water,0.8616,0.8597944316934437,0.8606962689176365
42,B,8,snow_and_ice,0.9693,0.9562000591891092,0.962705467547301
42,B,8,herbaceous_wetland,0.8359,0.7189300765459706,0.7730152124658991
42,B,8,moss_lichen,0.9384,0.91284046692607,0.9254437869822485
42,B,9,tree_cover,0.6997,0.6870581304006285,0.6933214427269124
42,B,9,shrubland,0.4592,0.471167658526575,0.46510685708497923
42,B,9,grassland,0.3565,0.5477031802120141,0.43188563813677394
42,B,9,cropland,0.8344,0.6970760233918128,0.7595812471552117
42,B,9,built_up,0.8865,0.7673331602181251,0.8226233007005985
42,B,9,bare_sparse_vegetation,0.5029,0.6532865679397246,0.5683128037066335
42,B,9,permanent_water,0.8545,0.876769956905397,0.8654917451635774
42,B,9,snow_and_ice,0.9695,0.9641969169567379,0.9668411867364747
42,B,9,herbaceous_wetland,0.857,0.7146430953969313,0.7793743179337942
42,B,9,moss_lichen,0.9568,0.9071773964160424,0.931328174429357
42,C,0,tree_cover,0.6804,0.6284869757990024,0.6534140017286085
42,C,0,shrubland,0.3167,0.39562773266708307,0.351791169119689
42,C,0,grassland,0.2054,0.37708830548926014,0.2659416067844889
42,C,0,cropland,0.7203,0.6474024806758943,0.6819085487077535
42,C,0,built_up,0.8552,0.7109485410258541,0.7764310681374551
42,C,0,bare_sparse_vegetation,0.4217,0.5260072346264189,0.46811344840983515
42,C,0,permanent_water,0.8304,0.7853967653456918,0.807271666747679
42,C,0,snow_and_ice,0.8702,0.8474048105949946,0.8586511421382407
42,C,0,herbaceous_wetland,0.6927,0.5940313866735272,0.6395826600803288
42,C,0,moss_lichen,0.8773,0.728231094878393,0.795845239715154
42,C,1,tree_cover,0.6762,0.6133333333333333,0.6432342449464922
42,C,1,shrubland,0.3039,0.38444022770398484,0.3394582518849483
42,C,1,grassland,0.1808,0.35972940708316753,0.24064954079595366
42,C,1,cropland,0.7124,0.6279971791255289,0.6675412293853074
42,C,1,built_up,0.846,0.6912329438679631,0.7608255766895993
42,C,1,bare_sparse_vegetation,0.4051,0.5130445795339412,0.4527268663388467
42,C,1,permanent_water,0.8231,0.7730090157776108,0.79726850058117
42,C,1,snow_and_ice,0.8361,0.8171422986708365,0.8265124555160142
42,C,1,herbaceous_wetland,0.6661,0.564109078590786,0.610876742479824
42,C,1,moss_lichen,0.8344,0.7025343100109456,0.7628102573478996
42,C,2,tree_cover,0.6661,0.6146535018916675,0.6393434755483034
42,C,2,shrubland,0.2976,0.38390092879256965,0.33528616493916175
42,C,2,grassland,0.1754,0.3639004149377593,0.23670715249662613
42,C,2,cropland,0.7096,0.6119879258300992,0.6571891641583699
42,C,2,built_up,0.8447,0.681979654448571,0.7546680961315108
42,C,2,bare_sparse_vegetation,0.401,0.5083671399594321,0.44834525939177106
42,C,2,permanent_water,0.8184,0.7761024182076813,0.7966901922608908
42,C,2,snow_and_ice,0.8227,0.8060944542426024,0.814312580421657
42,C,2,herbaceous_wetland,0.6577,0.5542260048875032,0.601545708144693
42,C,2,moss_lichen,0.8283,0.6843192333113021,0.7494571118349619
42,C,3,tree_cover,0.6583,0.6145444361463779,0.6356701429123214
42,C,3,shrubland,0.2928,0.3778552071234998,0.3299340807932841
42,C,3,grassland,0.1797,0.36613691931540343,0.24107861550845183
42,C,3,cropland,0.7067,0.6091191173935528,0.6542912693269141
42,C,3,built_up,0.8442,0.6787810565248854,0.7525070196550341
42,C,3,bare_sparse_vegetation,0.395,0.5111945127475087,0.4456478817622835
42,C,3,permanent_water,0.8147,0.7750190258751902,0.7943642745709829
42,C,3,snow_and_ice,0.8125,0.7964905401431233,0.8044156229889609
42,C,3,herbaceous_wetland,0.6533,0.5451890177751815,0.594368375562935
42,C,3,moss_lichen,0.8208,0.6745007806721999,0.7404934818891244
42,C,4,tree_cover,0.6454,0.6158984635938544,0.6303042140729527
42,C,4,shrubland,0.3014,0.37122798374184013,0.3326894420221867
42,C,4,grassland,0.1674,0.35556499575191164,0.22763122110416104
42,C,4,cropland,0.7033,0.5925021061499579,0.6431641518061272
42,C,4,built_up,0.8387,0.6788344799676245,0.7503466785953926
42,C,4,bare_sparse_vegetation,0.3909,0.5130594566216039,0.4437255235824962
42,C,4,permanent_water,0.8156,0.7751378065006653,0.794854302699542
42,C,4,snow_and_ice,0.7957,0.783323488875763,0.7894632404008335
42,C,4,herbaceous_wetland,0.6321,0.5397489539748954,0.5822854774077657
42,C,4,moss_lichen,0.8098,0.6499719078577735,0.7211362928002139
42,C,5,tree_cover,0.6443,0.6105372879749834,0.6269644334160464
42,C,5,shrubland,0.2942,0.36587489118268873,0.3261460007760102
42,C,5,grassland,0.1707,0.3512345679012346,0.22974427994616417
42,C,5,cropland,0.6896,0.5841097746908351,0.6324864716133173
42,C,5,built_up,0.8313,0.6744827586206896,0.7447256438969764
42,C,5,bare_sparse_vegetation,0.3776,0.5063019576293912,0.4325810516668576
42,C,5,permanent_water,0.8121,0.7685246522191729,0.7897116740409394
42,C,5,snow_and_ice,0.7616,0.7805677974787332,0.7709672521131751
42,C,5,herbaceous_wetland,0.6274,0.528693014241173,0.5738327159646955
42,C,5,moss_lichen,0.805,0.6305812313958954,0.7071949398225426
42,C,6,tree_cover,0.64,0.6098141972367794,0.6245425713588679
42,C,6,shrubland,0.2922,0.36334245212633676,0.323910874625873
42,C,6,grassland,0.1623,0.35623353819139597,0.2230008244023083
42,C,6,cropland,0.6926,0.5765900765900766,0.6292931128475376
42,C,6,built_up,0.8313,0.6679791080755323,0.7407440409890844
42,C,6,bare_sparse_vegetation,0.3779,0.5064325917984455,0.4328255640820066
42,C,6,permanent_water,0.8099,0.7695743063473964,0.7892223738062756
42,C,6,snow_and_ice,0.7497,0.7686865579821593,0.7590745709512479
42,C,6,herbaceous_wetland,0.6207,0.5253936008125952,0.5690840744476025
42,C,6,moss_lichen,0.7982,0.6189036209971311,0.6972092413853344
42,C,7,tree_cover,0.6376,0.6043029096768079,0.62050508491071
42,C,7,shrubland,0.2927,0.3557797496049593,0.32117188785867123
42,C,7,grassland,0.1583,0.3457841852337265,0.2171765674303745
42,C,7,cropland,0.6872,0.5813382962524322,0.6298519774529123
42,C,7,built_up,0.8318,0.6691874497184231,0.7416852429781541
42,C,7,bare_sparse_vegetation,0.3741,0.5092567383610128,0.4313386371497752
42,C,7,permanent_water,0.8106,0.767250354945575,0.7883296863603211
42,C,7,snow_and_ice,0.7489,0.7607679804957335,0.7547873412618424
42,C,7,herbaceous_wetland,0.617,0.5244814688881333,0.5669913618820069
42,C,7,moss_lichen,0.7898,0.613484542488737,0.6905657077905045
42,C,8,tree_cover,0.634,0.6017463933181473,0.6174522789248149
42,C,8,shrubland,0.2881,0.35739982632427736,0.31902995404462653
42,C,8,grassland,0.1609,0.34527896995708157,0.2195088676671214
42,C,8,cropland,0.6848,0.5721925133689839,0.6234522942461762
42,C,8,built_up,0.8315,0.6669607764498275,0.7401967329861574
42,C,8,bare_sparse_vegetation,0.3637,0.5126145172656801,0.4255045334893244
42,C,8,permanent_water,0.8082,0.7643275959901645,0.7856517935258093
42,C,8,snow_and_ice,0.7424,0.7526358475263585,0.747482883608538
42,C,8,herbaceous_wetland,0.6163,0.5146985134457992,0.560935651224174
42,C,8,moss_lichen,0.7716,0.6027654089524256,0.6768124205078724
42,C,9,tree_cover,0.6275,0.6001338944146901,0.6135119280406727
42,C,9,shrubland,0.2977,0.3582430806257521,0.3251774986346259
42,C,9,grassland,0.1535,0.34471143049629466,0.21241264789317094
42,C,9,cropland,0.6843,0.5719658976930793,0.6231105445274084
42,C,9,built_up,0.832,0.6603698706246528,0.7363157661843444
42,C,9,bare_sparse_vegetation,0.3487,0.5100936220011703,0.4142314088857211
42,C,9,permanent_water,0.8084,0.7612052730696799,0.7840931134820563
42,C,9,snow_and_ice,0.7317,0.7445054945054945,0.7380472059713538
42,C,9,herbaceous_wetland,0.6104,0.509090909090909,0.5551614370168259
42,C,9,moss_lichen,0.7676,0.5930160692212608,0.6691073919107392
42,D,0,tree_cover,0.6804,0.6284869757990024,0.6534140017286085
42,D,0,shrubland,0.3167,0.39562773266708307,0.351791169119689
42,D,0,grassland,0.2054,0.37708830548926014,0.2659416067844889
42,D,0,cropland,0.7203,0.6474024806758943,0.6819085487077535
42,D,0,built_up,0.8552,0.7109485410258541,0.7764310681374551
42,D,0,bare_sparse_vegetation,0.4217,0.5260072346264189,0.46811344840983515
42,D,0,permanent_water,0.8304,0.7853967653456918,0.807271666747679
42,D,0,snow_and_ice,0.8702,0.8474048105949946,0.8586511421382407
42,D,0,herbaceous_wetland,0.6927,0.5940313866735272,0.6395826600803288
42,D,0,moss_lichen,0.8773,0.728231094878393,0.795845239715154
42,D,1,tree_cover,0.6874,0.6218000904568068,0.6529565423889813
42,D,1,shrubland,0.3331,0.392852930770138,0.36051734401212193
42,D,1,grassland,0.1903,0.3868672494409433,0.2551109323681212
42,D,1,cropland,0.7247,0.6514157303370787,0.6861065088757395
42,D,1,built_up,0.8639,0.6941185923188173,0.7697585315869199
42,D,1,bare_sparse_vegetation,0.4155,0.5292319449751623,0.46552013892779115
42,D,1,permanent_water,0.8286,0.7878672625273367,0.8077204269630063
42,D,1,snow_and_ice,0.86,0.8687746236993635,0.864365043469521
42,D,1,herbaceous_wetland,0.679,0.604522792022792,0.6396006028636021
42,D,1,moss_lichen,0.8899,0.7132323475194358,0.7918316501312451
42,D,2,tree_cover,0.675,0.6296054472530548,0.6515129578688288
42,D,2,shrubland,0.3519,0.39121734296831573,0.3705185575151355
42,D,2,grassland,0.1876,0.39050791007493757,0.2534450148608484
42,D,2,cropland,0.7328,0.6432584269662921,0.6851159311892296
42,D,2,built_up,0.8611,0.6987179487179487,0.7714567281849131
42,D,2,bare_sparse_vegetation,0.4141,0.5368857772591729,0.4675661943205556
42,D,2,permanent_water,0.8302,0.7866211862800834,0.8078232947358178
42,D,2,snow_and_ice,0.8586,0.8666599374179873,0.8626111418094138
42,D,2,herbaceous_wetland,0.6745,0.6013194258714452,0.6358109063486828
42,D,2,moss_lichen,0.885,0.7152671138769903,0.7911321682385019
42,D,3,tree_cover,0.6742,0.6299168457441838,0.6513065739264841
42,D,3,shrubland,0.3486,0.38901908269166385,0.3677021254153262
42,D,3,grassland,0.1891,0.3941225510629429,0.2555750777132044
42,D,3,cropland,0.7298,0.6479623546124479,0.6864506419602125
42,D,3,built_up,0.8737,0.6850937034423273,0.767986639124511
42,D,3,bare_sparse_vegetation,0.4082,0.5449933244325768,0.466781017724414
42,D,3,permanent_water,0.8276,0.7862435873076192,0.8063918932086136
42,D,3,snow_and_ice,0.8603,0.8615923885828743,0.8609457092819615
42,D,3,herbaceous_wetland,0.6717,0.5991971454058876,0.6333804809052335
42,D,3,moss_lichen,0.8817,0.7161887742669157,0.790372462014253
42,D,4,tree_cover,0.6716,0.6313216770069562,0.6508382595212713
42,D,4,shrubland,0.3341,0.39190615835777126,0.36070175438596497
42,D,4,grassland,0.1783,0.3920404573438874,0.24511960406928784
42,D,4,cropland,0.7409,0.6292678783760829,0.6805364195829888
42,D,4,built_up,0.8682,0.6851325757575758,0.7658786167960481
42,D,4,bare_sparse_vegetation,0.4006,0.5459997274090228,0.4621330103247391
42,D,4,permanent_water,0.8274,0.787774921451014,0.807101399795152
42,D,4,snow_and_ice,0.8543,0.8705798430653215,0.8623630949376672
42,D,4,herbaceous_wetland,0.6843,0.5849217881870246,0.630720309691691
42,D,4,moss_lichen,0.8814,0.7056280521975823,0.7837801787381619
42,D,5,tree_cover,0.6702,0.6328014351808139,0.6509640134039143
42,D,5,shrubland,0.3398,0.3938796800741857,0.3648467278681484
42,D,5,grassland,0.1666,0.3963835355698311,0.2345983242976836
42,D,5,cropland,0.7364,0.6307494646680942,0.6794925028835064
42,D,5,built_up,0.8709,0.6861802710368736,0.7675832892649391
42,D,5,bare_sparse_vegetation,0.4108,0.5324692158133506,0.4637877504939316
42,D,5,permanent_water,0.8288,0.7878326996197719,0.8077972709551656
42,D,5,snow_and_ice,0.8636,0.8540348101265823,0.8587907716785999
42,D,5,herbaceous_wetland,0.6896,0.5826784959864808,0.6316464392031144
42,D,5,moss_lichen,0.8689,0.7222776392352452,0.788833408987744
42,D,6,tree_cover,0.6737,0.62733960331502,0.6496938135879261
42,D,6,shrubland,0.3496,0.39057088593453243,0.3689515065168065
42,D,6,grassland,0.1786,0.40316027088036116,0.24753984753984754
42,D,6,cropland,0.7266,0.6409102937284996,0.6810704410179501
42,D,6,built_up,0.8729,0.6860803269669103,0.7682964397306693
42,D,6,bare_sparse_vegetation,0.4009,0.5455163967886787,0.4621592022594962
42,D,6,permanent_water,0.8298,0.7854979174555092,0.8070414316280878
42,D,6,snow_and_ice,0.8566,0.8673552045362495,0.8619440531294024
42,D,6,herbaceous_wetland,0.6922,0.5802665772487215,0.6313101372611609
42,D,6,moss_lichen,0.8742,0.7223599405057015,0.7910596326124333
42,D,7,tree_cover,0.6689,0.6270153730783652,0.6472808205922198
42,D,7,shrubland,0.3436,0.3879417409958225,0.36442700323487304
42,D,7,grassland,0.1827,0.3885580603998299,0.2485376139300776
42,D,7,cropland,0.7194,0.6369753851602621,0.6756832910679064
42,D,7,built_up,0.8627,0.6899944013436775,0.7667422121494911
42,D,7,bare_sparse_vegetation,0.4086,0.535377358490566,0.46347549909255903
42,D,7,permanent_water,0.8225,0.7930768489056021,0.8075204948210691
42,D,7,snow_and_ice,0.8563,0.8569855884707767,0.8566426570628252
42,D,7,herbaceous_wetland,0.6807,0.5800102249488752,0.6263341921236658
42,D,7,moss_lichen,0.873,0.71294405879951,0.784895482130816
42,D,8,tree_cover,0.6671,0.6323822163238222,0.6492773370966958
42,D,8,shrubland,0.3502,0.3883344422266578,0.3682826795667263
42,D,8,grassland,0.1692,0.3969967151572032,0.23727387463188893
42,D,8,cropland,0.7432,0.6226541554959786,0.6776075857038658
42,D,8,built_up,0.8666,0.6888164692790716,0.7675479385323944
42,D,8,bare_sparse_vegetation,0.3971,0.546067106710671,0.4598193608151922
42,D,8,permanent_water,0.8259,0.7876215906923517,0.8063067460704871
42,D,8,snow_and_ice,0.8521,0.8708226877874298,0.861359615870609
42,D,8,herbaceous_wetland,0.6793,0.5867161858697529,0.6296227639262211
42,D,8,moss_lichen,0.8827,0.7043006462937844,0.7834731283007145
42,D,9,tree_cover,0.6699,0.6275409836065574,0.6480290205562274
42,D,9,shrubland,0.3561,0.38744423892938745,0.37111145849617005
42,D,9,grassland,0.1773,0.39470169189670523,0.2446867237096329
42,D,9,cropland,0.7361,0.6287691124967968,0.6782144008845072
42,D,9,built_up,0.8652,0.6877036801526111,0.7663079580178026
42,D,9,bare_sparse_vegetation,0.3988,0.5454048140043763,0.460720887245841
42,D,9,permanent_water,0.8213,0.7949859645726455,0.8079287787123113
42,D,9,snow_and_ice,0.855,0.8731617647058824,0.8639854486661278
42,D,9,herbaceous_wetland,0.6813,0.5876315335518372,0.631008613503751
42,D,9,moss_lichen,0.8786,0.7128600405679513,0.7870996640537514
123,A,0,tree_cover,0.6674,0.6329065908013276,0.6496957897298613
123,A,0,shrubland,0.3714,0.3837173261700589,0.37745820417704157
123,A,0,grassland,0.224,0.37889039242219213,0.2815485168426345
123,A,0,cropland,0.728,0.6606170598911071,0.69267364414843
123,A,0,built_up,0.8623,0.7120561519405451,0.7800090456806875
123,A,0,bare_sparse_vegetation,0.4188,0.5394126738794436,0.4715154244539518
123,A,0,permanent_water,0.83,0.7912297426120114,0.8101512933138115
123,A,0,snow_and_ice,0.8589,0.88848660391021,0.8734428230029999
123,A,0,herbaceous_wetland,0.6547,0.6255493980508313,0.6397928271279194
123,A,0,moss_lichen,0.891,0.7216327852919737,0.7974224728151429
123,A,1,tree_cover,0.6661,0.6305376751230595,0.6478311612526746
123,A,1,shrubland,0.3729,0.39682877514100245,0.3844924472856628
123,A,1,grassland,0.2534,0.39311200744647845,0.30816003891523774
123,A,1,cropland,0.7107,0.6773732367518109,0.6936365410892055
123,A,1,built_up,0.8346,0.7430555555555556,0.7861718161266014
123,A,1,bare_sparse_vegetation,0.4496,0.5295641931684335,0.4863169280692266
123,A,1,permanent_water,0.8307,0.8155311211466719,0.8230456752204498
123,A,1,snow_and_ice,0.9018,0.881524926686217,0.8915472071181414
123,A,1,herbaceous_wetland,0.6792,0.6387661055205492,0.6583628168467988
123,A,1,moss_lichen,0.9065,0.735198702351987,0.8119122257053291
123,A,2,tree_cover,0.6561,0.6324465008675535,0.6440561499950919
123,A,2,shrubland,0.3624,0.38946802794196667,0.3754467754467754
123,A,2,grassland,0.229,0.3851328624285234,0.28721936535808357
123,A,2,cropland,0.7146,0.6576477084483711,0.6849420109268667
123,A,2,built_up,0.8556,0.7192938209331652,0.781548298698333
123,A,2,bare_sparse_vegetation,0.4381,0.524733501018086,0.47751921085617743
123,A,2,permanent_water,0.8221,0.8071674030436917,0.8145652712410206
123,A,2,snow_and_ice,0.8758,0.8603143418467584,0.8679881070366701
123,A,2,herbaceous_wetland,0.6852,0.6284508850775016,0.655599674687844
123,A,2,moss_lichen,0.8755,0.7297657747770276,0.796017638768923
123,A,3,tree_cover,0.6851,0.6174297043979813,0.6495070155479712
123,A,3,shrubland,0.3472,0.39766349788111327,0.37072233196305593
123,A,3,grassland,0.2482,0.400193485972267,0.30638192815701765
123,A,3,cropland,0.7525,0.63571850975754,0.6891972340522965
123,A,3,built_up,0.8392,0.7334382101031288,0.7827628019774275
123,A,3,bare_sparse_vegetation,0.4305,0.5501597444089457,0.4830294530154277
123,A,3,permanent_water,0.8265,0.8140451098197578,0.8202252766337519
123,A,3,snow_and_ice,0.887,0.8935227158255263,0.8902494103477694
123,A,3,herbaceous_wetland,0.6973,0.6252129471890971,0.6592918262185034
123,A,3,moss_lichen,0.8853,0.760959257349149,0.8184339465655912
123,A,4,tree_cover,0.669,0.6403752273379918,0.6543747248985182
123,A,4,shrubland,0.3745,0.39853144620623604,0.3861421869361242
123,A,4,grassland,0.27,0.4141739530602853,0.326896301228888
123,A,4,cropland,0.7521,0.6373728813559322,0.69
123,A,4,built_up,0.8408,0.7323403884679035,0.7828313393231227
123,A,4,bare_sparse_vegetation,0.4474,0.5478143749234725,0.49254142125832556
123,A,4,permanent_water,0.8275,0.8146288639495963,0.8210139894830836
123,A,4,snow_and_ice,0.8931,0.9008472866653218,0.8969569147333534
123,A,4,herbaceous_wetland,0.6999,0.6347723562488663,0.6657471701702653
123,A,4,moss_lichen,0.867,0.7817149039761969,0.8221516286567729
123,A,5,tree_cover,0.6523,0.6421539673164008,0.6471872209544598
123,A,5,shrubland,0.3884,0.4112664125370606,0.39950627442912984
123,A,5,grassland,0.2733,0.4303937007874016,0.3343119266055046
123,A,5,cropland,0.7756,0.6312876444733844,0.6960423584313022
123,A,5,built_up,0.8599,0.7147369295985371,0.7806272978984158
123,A,5,bare_sparse_vegetation,0.4363,0.5564341282999617,0.4890981447228295
123,A,5,permanent_water,0.8085,0.8410485800478519,0.8244531688166014
123,A,5,snow_and_ice,0.9024,0.9037556334501753,0.9030773079809857
123,A,5,herbaceous_wetland,0.7248,0.6361801105942245,0.677604824007853
123,A,5,moss_lichen,0.8779,0.8054867419029269,0.8401358916694579
123,A,6,tree_cover,0.6428,0.6601622676389032,0.6513654557430207
123,A,6,shrubland,0.3927,0.4145903716216216,0.4033483976992605
123,A,6,grassland,0.2718,0.42924826279216677,0.3328434974283615
123,A,6,cropland,0.766,0.6298824109859387,0.6913045440187717
123,A,6,built_up,0.8494,0.7233861352410151,0.7813448624781529
123,A,6,bare_sparse_vegetation,0.4686,0.536708280838392,0.5003470183118894
123,A,6,permanent_water,0.8139,0.8324639459957042,0.8230773120291248
123,A,6,snow_and_ice,0.9153,0.9039107248666798,0.9095697108218225
123,A,6,herbaceous_wetland,0.7047,0.6462173314993123,0.6741927768476441
123,A,6,moss_lichen,0.888,0.8060270491059272,0.8450302136365799
123,A,7,tree_cover,0.6417,0.6439538384345208,0.6428249436513899
123,A,7,shrubland,0.3678,0.40091563113145845,0.3836445186189632
123,A,7,grassland,0.2234,0.3985016054227613,0.2863001409714212
123,A,7,cropland,0.7653,0.6121910247180226,0.6802364339362695
123,A,7,built_up,0.8517,0.7137948374120013,0.7766733540032829
123,A,7,bare_sparse_vegetation,0.4371,0.5374400590188122,0.4821044504494567
123,A,7,permanent_water,0.8093,0.8169796083181909,0.8131216718577313
123,A,7,snow_and_ice,0.8689,0.8820424322403817,0.875421893103622
123,A,7,herbaceous_wetland,0.6999,0.5967769440654843,0.6442378497790869
123,A,7,moss_lichen,0.8583,0.7660656908247054,0.809564233163554
123,A,8,tree_cover,0.6656,0.6214172346186164,0.642750229346724
123,A,8,shrubland,0.3774,0.3964702174598172,0.38670013832675854
123,A,8,grassland,0.2323,0.3881370091896408,0.2906474820143885
123,A,8,cropland,0.7509,0.6359786567290591,0.6886779474480672
123,A,8,built_up,0.8475,0.7087898302249728,0.7719633829758163
123,A,8,bare_sparse_vegetation,0.4216,0.5579671784012705,0.480291638186375
123,A,8,permanent_water,0.8084,0.8115651039052304,0.8099794599468965
123,A,8,snow_and_ice,0.8608,0.8835061069485785,0.8720052676898141
123,A,8,herbaceous_wetland,0.7061,0.6026800955957665,0.6503039233744704
123,A,8,moss_lichen,0.8448,0.7648709823449524,0.8028510334996436
123,A,9,tree_cover,0.6726,0.6216840743137073,0.6461405446947499
123,A,9,shrubland,0.3508,0.38753866548828986,0.3682553012807054
123,A,9,grassland,0.2335,0.37028227085315574,0.28639764503863613
123,A,9,cropland,0.7364,0.6382941839299645,0.6838464038631195
123,A,9,built_up,0.8381,0.7232481877804625,0.77644987956272
123,A,9,bare_sparse_vegetation,0.4374,0.5243346919204028,0.47693817468105987
123,A,9,permanent_water,0.8241,0.7978507115887308,0.810762949481037
123,A,9,snow_and_ice,0.8668,0.8722076876635138,0.8694954358511386
123,A,9,herbaceous_wetland,0.6698,0.5995345506623702,0.632722463631211
123,A,9,moss_lichen,0.8371,0.7667857470000916,0.8004015872257015
123,B,0,tree_cover,0.6674,0.6329065908013276,0.6496957897298613
123,B,0,shrubland,0.3714,0.3837173261700589,0.37745820417704157
123,B,0,grassland,0.224,0.37889039242219213,0.2815485168426345
123,B,0,cropland,0.728,0.6606170598911071,0.69267364414843
123,B,0,built_up,0.8623,0.7120561519405451,0.7800090456806875
123,B,0,bare_sparse_vegetation,0.4188,0.5394126738794436,0.4715154244539518
123,B,0,permanent_water,0.83,0.7912297426120114,0.8101512933138115
123,B,0,snow_and_ice,0.8589,0.88848660391021,0.8734428230029999
123,B,0,herbaceous_wetland,0.6547,0.6255493980508313,0.6397928271279194
123,B,0,moss_lichen,0.891,0.7216327852919737,0.7974224728151429
123,B,1,tree_cover,0.6944,0.6484265571015034,0.6706262977449419
123,B,1,shrubland,0.3993,0.41925661486770266,0.40903503380454825
123,B,1,grassland,0.2567,0.41992475053165385,0.3186247129646869
123,B,1,cropland,0.7557,0.688314054103288,0.7204347204347205
123,B,1,built_up,0.8672,0.7409432672590567,0.7991153704386288
123,B,1,bare_sparse_vegetation,0.4634,0.5670582476749878,0.5100154083204931
123,B,1,permanent_water,0.8491,0.8282286383144752,0.8385344657317795
123,B,1,snow_and_ice,0.9437,0.9059230104636652,0.9244257236616544
123,B,1,herbaceous_wetland,0.7089,0.6750785639462908,0.6915760206819179
123,B,1,moss_lichen,0.9268,0.7969730845300542,0.8569975495862038
123,B,2,tree_cover,0.7,0.6437373551590951,0.6706908115358821
123,B,2,shrubland,0.3819,0.4401290768698859,0.40895218718209564
123,B,2,grassland,0.2544,0.4460810099947396,0.32401451951856336
123,B,2,cropland,0.7712,0.6825986900336343,0.72419945534792
123,B,2,built_up,0.8787,0.7380932381352373,0.8022825838849579
123,B,2,bare_sparse_vegetation,0.4724,0.5698431845597105,0.516566429743029
123,B,2,permanent_water,0.8432,0.8400916608548371,0.8416429605230322
123,B,2,snow_and_ice,0.9536,0.9060332541567696,0.9292082825822169
123,B,2,herbaceous_wetland,0.7575,0.6631357786921124,0.7071838678056294
123,B,2,moss_lichen,0.9223,0.818512602058928,0.8673123942072597
123,B,3,tree_cover,0.7,0.6582659394395336,0.6784918096345837
123,B,3,shrubland,0.4299,0.43450576106731353,0.43219061023424155
123,B,3,grassland,0.3009,0.47822631913541,0.36938374662410994
123,B,3,cropland,0.7992,0.6845396145610279,0.737439446366782
123,B,3,built_up,0.871,0.7593722755013078,0.8113646949231486
123,B,3,bare_sparse_vegetation,0.4742,0.59610307982401,0.5282094124199387
123,B,3,permanent_water,0.8579,0.8440574576938213,0.8509224360245983
123,B,3,snow_and_ice,0.9545,0.9441147378832839,0.9492789656887121
123,B,3,herbaceous_wetland,0.7577,0.7020290929306031,0.7288029625354686
123,B,3,moss_lichen,0.9361,0.8499954599110142,0.8909722552705469
123,B,4,tree_cover,0.7082,0.6668549905838042,0.686905916585839
123,B,4,shrubland,0.3807,0.4771274595814012,0.4234940764224929
123,B,4,grassland,0.3314,0.4785559566787004,0.3916100443131462
123,B,4,cropland,0.7923,0.7002209456473707,0.7434201266713582
123,B,4,built_up,0.8928,0.7443721860930466,0.8118577793943803
123,B,4,bare_sparse_vegetation,0.4943,0.6096447952639369,0.5459465429644356
123,B,4,permanent_water,0.8605,0.86265664160401,0.8615769712140176
123,B,4,snow_and_ice,0.9653,0.9529121421520237,0.9590660705414804
123,B,4,herbaceous_wetland,0.8175,0.6968121377429254,0.752346769740475
123,B,4,moss_lichen,0.959,0.8545713776510426,0.9037790971633212
123,B,5,tree_cover,0.7206,0.6455832288120409,0.6810320385596825
123,B,5,shrubland,0.3879,0.4549079394863375,0.4187402169806229
123,B,5,grassland,0.315,0.4833512352309345,0.38142519828055943
123,B,5,cropland,0.8024,0.6790792146242384,0.7356068940227356
123,B,5,built_up,0.8877,0.7384576990267032,0.8062304164206893
123,B,5,bare_sparse_vegetation,0.4801,0.6010265398097145,0.5338003113186569
123,B,5,permanent_water,0.852,0.8526821457165733,0.8523409363745498
123,B,5,snow_and_ice,0.9438,0.9525635849818329,0.948161543098252
123,B,5,herbaceous_wetland,0.7714,0.707641500779745,0.7381465001674561
123,B,5,moss_lichen,0.9473,0.8482270773638968,0.8950302343159485
123,B,6,tree_cover,0.7161,0.666883963494133,0.6906162600057865
123,B,6,shrubland,0.4564,0.4577274094875138,0.4570627409744128
123,B,6,grassland,0.3035,0.5417707961442342,0.3890526855531342
123,B,6,cropland,0.828,0.683901874948377,0.7490840005428145
123,B,6,built_up,0.8788,0.7706068046299545,0.8211549243132125
123,B,6,bare_sparse_vegetation,0.5074,0.6388014604053884,0.5655687454717716
123,B,6,permanent_water,0.8676,0.8526781326781326,0.8600743494423791
123,B,6,snow_and_ice,0.9726,0.9442718446601942,0.9582266009852217
123,B,6,herbaceous_wetland,0.8145,0.7258064516129032,0.7675996607294318
123,B,6,moss_lichen,0.9501,0.9015942304042512,0.925211802512416
123,B,7,tree_cover,0.6874,0.6876062818845654,0.6875031254688204
123,B,7,shrubland,0.4578,0.4712300566134843,0.4644179558711641
123,B,7,grassland,0.3304,0.5176249412501959,0.40334493072086924
123,B,7,cropland,0.8306,0.684015482170798,0.7502145147450662
123,B,7,built_up,0.8929,0.7492028863903339,0.8147641208139428
123,B,7,bare_sparse_vegetation,0.4731,0.6559900166389351,0.5497327445967929
123,B,7,permanent_water,0.8586,0.8684130676646101,0.8634786543973451
123,B,7,snow_and_ice,0.9686,0.9597701149425287,0.964164841728051
123,B,7,herbaceous_wetland,0.8449,0.6975726552179656,0.7642004341534008
123,B,7,moss_lichen,0.9492,0.9004838250640357,0.9242003797283482
123,B,8,tree_cover,0.7011,0.6821366024518388,0.6914883124568497
123,B,8,shrubland,0.4656,0.4717325227963526,0.46864620030196275
123,B,8,grassland,0.3239,0.5575830607677742,0.4097665886520337
123,B,8,cropland,0.8287,0.6902382142262202,0.7531582295737526
123,B,8,built_up,0.8923,0.753695413463975,0.8171619579651083
123,B,8,bare_sparse_vegetation,0.5134,0.6374472311894711,0.5687382297551788
123,B,8,permanent_water,0.8649,0.8654192515509306,0.8651595478643594
123,B,8,snow_and_ice,0.9709,0.9616679873217115,0.9662619426751591
123,B,8,herbaceous_wetland,0.8264,0.736082657878329,0.7786309888349744
123,B,8,moss_lichen,0.9629,0.8893506973307472,0.9246650981898498
123,B,9,tree_cover,0.6905,0.6829871414441148,0.686723023371457
123,B,9,shrubland,0.4206,0.4796442011631885,0.4481858383504715
123,B,9,grassland,0.3363,0.5167486170866625,0.4074388175430095
123,B,9,cropland,0.8179,0.6902692210313106,0.7486841503043616
123,B,9,built_up,0.8853,0.7516556291390728,0.8130223160988153
123,B,9,bare_sparse_vegetation,0.5101,0.6142822736030829,0.5573645104895104
123,B,9,permanent_water,0.8683,0.8557209027298709,0.8619645604804687
123,B,9,snow_and_ice,0.9622,0.9638385254933387,0.9630185657809138
123,B,9,herbaceous_wetland,0.8252,0.7096663226694186,0.7630848899574625
123,B,9,moss_lichen,0.956,0.8751373123398023,0.9137832154463773
123,C,0,tree_cover,0.6674,0.6329065908013276,0.6496957897298613
123,C,0,shrubland,0.3714,0.3837173261700589,0.37745820417704157
123,C,0,grassland,0.224,0.37889039242219213,0.2815485168426345
123,C,0,cropland,0.728,0.6606170598911071,0.69267364414843
123,C,0,built_up,0.8623,0.7120561519405451,0.7800090456806875
123,C,0,bare_sparse_vegetation,0.4188,0.5394126738794436,0.4715154244539518
123,C,0,permanent_water,0.83,0.7912297426120114,0.8101512933138115
123,C,0,snow_and_ice,0.8589,0.88848660391021,0.8734428230029999
123,C,0,herbaceous_wetland,0.6547,0.6255493980508313,0.6397928271279194
123,C,0,moss_lichen,0.891,0.7216327852919737,0.7974224728151429
123,C,1,tree_cover,0.6464,0.6231562710884025,0.634565356108575
123,C,1,shrubland,0.3865,0.3690442089181705,0.3775704586528599
123,C,1,grassland,0.1903,0.38075230092036816,0.25376716895586077
123,C,1,cropland,0.7207,0.6369421122403889,0.6762373915083275
123,C,1,built_up,0.8504,0.6979645436638214,0.7666786873422288
123,C,1,bare_sparse_vegetation,0.3961,0.5311787582137589,0.45380076760038957
123,C,1,permanent_water,0.8098,0.7961069602831302,0.8028951021217529
123,C,1,snow_and_ice,0.8217,0.8662239089184061,0.843374730575798
123,C,1,herbaceous_wetland,0.6352,0.6053559515867721,0.6199189967305909
123,C,1,moss_lichen,0.8829,0.6766035711548778,0.7661069894572432
123,C,2,tree_cover,0.6306,0.6259057071960298,0.6282440846824409
123,C,2,shrubland,0.3954,0.35883473999455484,0.37623102906893763
123,C,2,grassland,0.1789,0.3734084742225005,0.24190386045568252
123,C,2,cropland,0.7004,0.631332251667568,0.6640750924433488
123,C,2,built_up,0.8423,0.690523036563371,0.7588971979457609
123,C,2,bare_sparse_vegetation,0.3929,0.5208802863582129,0.447927948469475
123,C,2,permanent_water,0.8058,0.7928761192561251,0.7992858205624163
123,C,2,snow_and_ice,0.8005,0.8572499464553438,0.8279036094735753
123,C,2,herbaceous_wetland,0.6248,0.5917787459746164,0.6078412296916043
123,C,2,moss_lichen,0.8729,0.6602375009454655,0.751819473752207
123,C,3,tree_cover,0.6124,0.6266884977486696,0.6194618652640097
123,C,3,shrubland,0.3934,0.3485116938341602,0.36959789552799704
123,C,3,grassland,0.1686,0.36188023180940115,0.2300293335152466
123,C,3,cropland,0.6898,0.6212735296766639,0.6537459129033787
123,C,3,built_up,0.8402,0.6822020136407925,0.7530023301666964
123,C,3,bare_sparse_vegetation,0.3821,0.5079090788249369,0.43611253780745307
123,C,3,permanent_water,0.8064,0.7846647854432227,0.7953839325343985
123,C,3,snow_and_ice,0.7639,0.8344985798558008,0.7976401795969511
123,C,3,herbaceous_wetland,0.6046,0.5781772975040642,0.5910935132228576
123,C,3,moss_lichen,0.8466,0.6293955839714519,0.7220161187156198
123,C,4,tree_cover,0.6057,0.625206440957886,0.6152986590816741
123,C,4,shrubland,0.3942,0.34786445464172255,0.3695855990999437
123,C,4,grassland,0.1647,0.3598426917194669,0.22597242230911715
123,C,4,cropland,0.6987,0.6043072132848988,0.6480845932659308
123,C,4,built_up,0.839,0.6825577611454605,0.7527364076798851
123,C,4,bare_sparse_vegetation,0.3737,0.514951081714207,0.4330996117517529
123,C,4,permanent_water,0.8101,0.7796169762294293,0.7945662301995978
123,C,4,snow_and_ice,0.7521,0.839959794505249,0.7936055713833492
123,C,4,herbaceous_wetland,0.598,0.5741718674987998,0.585843742346314
123,C,4,moss_lichen,0.8389,0.6199379249187112,0.7129865714771375
123,C,5,tree_cover,0.6055,0.6198177909714403,0.6125752440689969
123,C,5,shrubland,0.3875,0.3443832207607536,0.3646715603237342
123,C,5,grassland,0.1691,0.35682633466976155,0.22945925775154352
123,C,5,cropland,0.6957,0.5968599862731641,0.6425009235315847
123,C,5,built_up,0.8394,0.6767171880038697,0.7493304767005892
123,C,5,bare_sparse_vegetation,0.3612,0.5163688348820586,0.42506619593998235
123,C,5,permanent_water,0.806,0.7776920108066384,0.7915930072677274
123,C,5,snow_and_ice,0.7409,0.8289326471246364,0.7824479881719295
123,C,5,herbaceous_wetland,0.5811,0.5706009426551453,0.5758026159334125
123,C,5,moss_lichen,0.8295,0.6055186509964231,0.7000295371112706
123,C,6,tree_cover,0.5969,0.6238503344481605,0.6100776778413737
123,C,6,shrubland,0.392,0.34193998604326586,0.3652627655609393
123,C,6,grassland,0.1586,0.3494931687968268,0.21818682074563214
123,C,6,cropland,0.6986,0.5863689776733255,0.6375832800949165
123,C,6,built_up,0.8329,0.6770994228111535,0.7469620196403748
123,C,6,bare_sparse_vegetation,0.357,0.513595166163142,0.4212140876644446
123,C,6,permanent_water,0.8021,0.7770780856423174,0.7893908079913394
123,C,6,snow_and_ice,0.7214,0.8288143382352942,0.7713857998289136
123,C,6,herbaceous_wetland,0.5828,0.5613561934116741,0.5718771465018154
123,C,6,moss_lichen,0.8282,0.5977193995381063,0.6943326626425218
123,C,7,tree_cover,0.5958,0.625577488450231,0.6103257529194838
123,C,7,shrubland,0.3749,0.33946034045635637,0.3563010834442122
123,C,7,grassland,0.1545,0.35034013605442177,0.21443442054129075
123,C,7,cropland,0.7003,0.5818861653510594,0.6356251418198321
123,C,7,built_up,0.8324,0.6710197501007659,0.7430484266904709
123,C,7,bare_sparse_vegetation,0.3536,0.5068080837035975,0.41656358602815574
123,C,7,permanent_water,0.8001,0.7755161384123291,0.7876162819313874
123,C,7,snow_and_ice,0.7155,0.8139931740614335,0.7615753060138372
123,C,7,herbaceous_wetland,0.5752,0.5618284821254151,0.5684356161676056
123,C,7,moss_lichen,0.8279,0.5805750350631136,0.682522671063479
123,C,8,tree_cover,0.6006,0.6177741205513269,0.6090660176452692
123,C,8,shrubland,0.3703,0.3366363636363636,0.3526666666666667
123,C,8,grassland,0.1473,0.3439981317141523,0.20627363114409747
123,C,8,cropland,0.7018,0.5767113156380969,0.6331363615859984
123,C,8,built_up,0.8295,0.6690595257299564,0.7406911331368873
123,C,8,bare_sparse_vegetation,0.3494,0.5073326557281835,0.4138094392135962
123,C,8,permanent_water,0.8013,0.7709255339619011,0.7858193586348926
123,C,8,snow_and_ice,0.7161,0.8079657001015458,0.7592641679478344
123,C,8,herbaceous_wetland,0.5554,0.5636861869481377,0.5595124162595074
123,C,8,moss_lichen,0.8248,0.5715077605321508,0.6751800916830387
123,C,9,tree_cover,0.593,0.6162319443001143,0.604392804362228
123,C,9,shrubland,0.3775,0.3330980322950675,0.3539117798715605
123,C,9,grassland,0.1309,0.3441114616193481,0.1896551724137931
123,C,9,cropland,0.7074,0.5717749757516973,0.6323976399070266
123,C,9,built_up,0.8259,0.6705366566534059,0.7401532464040864
123,C,9,bare_sparse_vegetation,0.3398,0.5038552787663108,0.40587673196368845
123,C,9,permanent_water,0.8035,0.764801066057491,0.783673071296206
123,C,9,snow_and_ice,0.7117,0.8007425742574258,0.7536001694197374
123,C,9,herbaceous_wetland,0.5525,0.5564508006848625,0.5544683626875407
123,C,9,moss_lichen,0.8185,0.5651063242198288,0.6685999019768013
123,D,0,tree_cover,0.6674,0.6329065908013276,0.6496957897298613
123,D,0,shrubland,0.3714,0.3837173261700589,0.37745820417704157
123,D,0,grassland,0.224,0.37889039242219213,0.2815485168426345
123,D,0,cropland,0.728,0.6606170598911071,0.69267364414843
123,D,0,built_up,0.8623,0.7120561519405451,0.7800090456806875
123,D,0,bare_sparse_vegetation,0.4188,0.5394126738794436,0.4715154244539518
123,D,0,permanent_water,0.83,0.7912297426120114,0.8101512933138115
123,D,0,snow_and_ice,0.8589,0.88848660391021,0.8734428230029999
123,D,0,herbaceous_wetland,0.6547,0.6255493980508313,0.6397928271279194
123,D,0,moss_lichen,0.891,0.7216327852919737,0.7974224728151429
123,D,1,tree_cover,0.6426,0.6441459502806736,0.6433720464557469
123,D,1,shrubland,0.3927,0.37846954510408637,0.3854534746760896
123,D,1,grassland,0.2097,0.3843475073313783,0.2713509316770186
123,D,1,cropland,0.7263,0.6516823687752356,0.686970915109955
123,D,1,built_up,0.8634,0.7054497916496446,0.7764737623094562
123,D,1,bare_sparse_vegetation,0.4044,0.5399919882494325,0.4624621190462576
123,D,1,permanent_water,0.8245,0.7924836601307189,0.8081748676730054
123,D,1,snow_and_ice,0.8609,0.8807161125319694,0.8706953223767383
123,D,1,herbaceous_wetland,0.6592,0.620306765785264,0.6391622630532796
123,D,1,moss_lichen,0.8927,0.7134180452329577,0.79305290276729
123,D,2,tree_cover,0.6334,0.6491749513170032,0.6411904641392924
123,D,2,shrubland,0.4055,0.37858276538138363,0.39157935396649124
123,D,2,grassland,0.1995,0.38655299360589035,0.2631752522920652
123,D,2,cropland,0.7366,0.6463104325699746,0.6885077347291677
123,D,2,built_up,0.868,0.699661454135096,0.7747924663036686
123,D,2,bare_sparse_vegetation,0.3996,0.552162498272765,0.4636537680570865
123,D,2,permanent_water,0.825,0.7909875359539789,0.8076358296622614
123,D,2,snow_and_ice,0.8576,0.8844884488448845,0.8708367181153533
123,D,2,herbaceous_wetland,0.6589,0.6173521971329523,0.6374498137667489
123,D,2,moss_lichen,0.8938,0.7132141717203958,0.7933605538789278
123,D,3,tree_cover,0.6343,0.642004048582996,0.6381287726358149
123,D,3,shrubland,0.3989,0.37238610903659447,0.38518733101583624
123,D,3,grassland,0.1961,0.3952035469568722,0.2621307311856704
123,D,3,cropland,0.7401,0.6413344887348353,0.6871866295264624
123,D,3,built_up,0.8714,0.6925216562028134,0.7717309480582739
123,D,3,bare_sparse_vegetation,0.3981,0.5532240133407449,0.4630146545708304
123,D,3,permanent_water,0.8243,0.7923675862731904,0.8080184286624515
123,D,3,snow_and_ice,0.8592,0.8805083008813281,0.8697236562405102
123,D,3,herbaceous_wetland,0.6509,0.6191382098354419,0.6346219470579633
123,D,3,moss_lichen,0.8897,0.7144463181562676,0.7924998886563044
123,D,4,tree_cover,0.6282,0.646828665568369,0.6373782467532467
123,D,4,shrubland,0.4088,0.3720760899244562,0.38957449849907083
123,D,4,grassland,0.1917,0.3983790523690773,0.25884418039427487
123,D,4,cropland,0.7361,0.6352260959613393,0.6819529368167501
123,D,4,built_up,0.8665,0.6916507024265645,0.7692649147727273
123,D,4,bare_sparse_vegetation,0.3891,0.5592927986200948,0.4589255174854043
123,D,4,permanent_water,0.8228,0.7897869072758686,0.8059555294348125
123,D,4,snow_and_ice,0.8558,0.88,0.8677313054499366
123,D,4,herbaceous_wetland,0.6493,0.6152752771723681,0.6318299031771518
123,D,4,moss_lichen,0.8945,0.7032232704402516,0.7874119718309859
123,D,5,tree_cover,0.6387,0.6388916675002501,0.6387958193729059
123,D,5,shrubland,0.4026,0.3741635687732342,0.3878612716763006
123,D,5,grassland,0.2045,0.39213806327900286,0.26881367071968454
123,D,5,cropland,0.723,0.6487796123474515,0.6838819523269012
123,D,5,built_up,0.8655,0.6952365651859587,0.7710811171989843
123,D,5,bare_sparse_vegetation,0.3909,0.5582690659811482,0.4598282554993531
123,D,5,permanent_water,0.8201,0.7944396008912138,0.8070658859420362
123,D,5,snow_and_ice,0.8621,0.8816731437921865,0.8717767216098695
123,D,5,herbaceous_wetland,0.6632,0.6098390804597701,0.6354011976047903
123,D,5,moss_lichen,0.891,0.7152604961066067,0.7935164981965533
123,D,6,tree_cover,0.6334,0.6451415766958647,0.6392168735492986
123,D,6,shrubland,0.3961,0.37623480243161095,0.3859119251753702
123,D,6,grassland,0.2001,0.3963946117274168,0.2659489633173844
123,D,6,cropland,0.7474,0.6334435121620476,0.6857195284187348
123,D,6,built_up,0.8674,0.6943088129352437,0.7712621704530298
123,D,6,bare_sparse_vegetation,0.3939,0.5550232492602508,0.46078259343744515
123,D,6,permanent_water,0.8178,0.7977758267486099,0.8076638190706632
123,D,6,snow_and_ice,0.8535,0.8895257946847316,0.8711405970910947
123,D,6,herbaceous_wetland,0.6519,0.6168038603462958,0.6338664981282512
123,D,6,moss_lichen,0.8986,0.7019215747539447,0.7881764757477415
123,D,7,tree_cover,0.6268,0.6443918988382852,0.6354742231459422
123,D,7,shrubland,0.4033,0.3696608615948671,0.3857484457197513
123,D,7,grassland,0.1928,0.39605587510271156,0.259348937315039
123,D,7,cropland,0.7408,0.6357161246031064,0.6842469865607537
123,D,7,built_up,0.8657,0.6941148171905067,0.7704699181203276
123,D,7,bare_sparse_vegetation,0.3929,0.5559643413046554,0.46042069490830256
123,D,7,permanent_water,0.8208,0.7951176983435048,0.8077547606160508
123,D,7,snow_and_ice,0.8556,0.8906933166770769,0.8727940426400083
123,D,7,herbaceous_wetland,0.6522,0.6151669496321449,0.6331424133579264
123,D,7,moss_lichen,0.8982,0.7032571249608519,0.7888635165993326
123,D,8,tree_cover,0.6377,0.6366813099041534,0.6371902478017586
123,D,8,shrubland,0.4006,0.3688766114180479,0.3840843720038351
123,D,8,grassland,0.1928,0.40091495113329173,0.2603822000135053
123,D,8,cropland,0.7485,0.6309533844727303,0.6847184741343822
123,D,8,built_up,0.864,0.6980126030053321,0.7721869693448923
123,D,8,bare_sparse_vegetation,0.389,0.5640133391329564,0.4604367639225898
123,D,8,permanent_water,0.8182,0.7980103384375304,0.8079790648299017
123,D,8,snow_and_ice,0.8557,0.8941483803552769,0.8745017884517118
123,D,8,herbaceous_wetland,0.6557,0.613147559379091,0.6337102541799554
123,D,8,moss_lichen,0.8957,0.7075039494470774,0.7905560458958517
123,D,9,tree_cover,0.6482,0.6276750266292244,0.6377724209179909
123,D,9,shrubland,0.3914,0.3698733698733699,0.3803323292197065
123,D,9,grassland,0.1897,0.39446870451237265,0.25619555675602673
123,D,9,cropland,0.7328,0.6401118099231307,0.6833271167474824
123,D,9,built_up,0.8647,0.689003984063745,0.7669179600886918
123,D,9,bare_sparse_vegetation,0.3894,0.5537542662116041,0.45725692813527474
123,D,9,permanent_water,0.8225,0.7886662191964714,0.805227862352538
123,D,9,snow_and_ice,0.8461,0.8889472578272747,0.8669945691156881
123,D,9,herbaceous_wetland,0.6457,0.6114004355648139,0.628082291717329
123,D,9,moss_lichen,0.8932,0.7008788449466415,0.7854379176925782
256,A,0,tree_cover,0.6636,0.6404787182704372,0.6518343892736113
256,A,0,shrubland,0.3447,0.40581587002590064,0.3727695468800692
256,A,0,grassland,0.2282,0.3937877480586713,0.2889522000633111
256,A,0,cropland,0.7312,0.6560200968957474,0.6915728743024685
256,A,0,built_up,0.8646,0.7029839824375965,0.7754607829947531
256,A,0,bare_sparse_vegetation,0.439,0.5160456094980604,0.4744150861836062
256,A,0,permanent_water,0.8292,0.7925826801758746,0.8104779591437786
256,A,0,snow_and_ice,0.8793,0.8675875678342377,0.8734045194934194
256,A,0,herbaceous_wetland,0.6951,0.6118299445471349,0.6508122278919527
256,A,0,moss_lichen,0.8708,0.7611888111888112,0.8123134328358209
256,A,1,tree_cover,0.6934,0.610387323943662,0.6492509363295881
256,A,1,shrubland,0.3412,0.3933594650680194,0.36542786762343366
256,A,1,grassland,0.2277,0.37568058076225047,0.2835439885436772
256,A,1,cropland,0.7302,0.6424989001319842,0.6835478586473204
256,A,1,built_up,0.8414,0.712326447680325,0.7715019255455713
256,A,1,bare_sparse_vegetation,0.4088,0.5262615859938208,0.460153084196308
256,A,1,permanent_water,0.8162,0.7947419668938657,0.8053280710409472
256,A,1,snow_and_ice,0.8454,0.839106699751861,0.8422415940224158
256,A,1,herbaceous_wetland,0.6616,0.6044217065594738,0.6317196600782965
256,A,1,moss_lichen,0.8415,0.7211414859885166,0.7766855877059394
256,A,2,tree_cover,0.6783,0.6275906735751295,0.6519607843137254
256,A,2,shrubland,0.3436,0.38943669953530546,0.36508526802316316
256,A,2,grassland,0.2483,0.3810620012277471,0.3006781302978929
256,A,2,cropland,0.7331,0.6444835164835165,0.6859415204678363
256,A,2,built_up,0.8469,0.7203980945899966,0.7785438499724213
256,A,2,bare_sparse_vegetation,0.4298,0.5423343848580442,0.4795536959553696
256,A,2,permanent_water,0.8223,0.8009935710111046,0.8115069574657062
256,A,2,snow_and_ice,0.8764,0.8675509800039596,0.8719530394985572
256,A,2,herbaceous_wetland,0.6761,0.6155316824471959,0.6443957300800611
256,A,2,moss_lichen,0.8603,0.7516819571865443,0.8023315458148752
256,A,3,tree_cover,0.6977,0.6199022656597067,0.6565043519171959
256,A,3,shrubland,0.3592,0.41411113673045885,0.38470600835386104
256,A,3,grassland,0.2971,0.39692718770875085,0.3398341435516157
256,A,3,cropland,0.7345,0.6642249954783866,0.6975971127362522
256,A,3,built_up,0.8421,0.7425271140111102,0.7891851365915374
256,A,3,bare_sparse_vegetation,0.4559,0.5490125240847784,0.4981424825174825
256,A,3,permanent_water,0.8349,0.8119225906836526,0.8232509983730217
256,A,3,snow_and_ice,0.9101,0.9190144400686661,0.9145354971612321
256,A,3,herbaceous_wetland,0.6955,0.6490900606626225,0.6714940864108133
256,A,3,moss_lichen,0.8948,0.8147878346384994,0.8529215518063101
256,A,4,tree_cover,0.6628,0.6587159610415424,0.6607516698235469
256,A,4,shrubland,0.3877,0.4079335016835017,0.39755947497949135
256,A,4,grassland,0.2292,0.4073218411231562,0.2933384526780572
256,A,4,cropland,0.769,0.6224704549133884,0.6880200411559453
256,A,4,built_up,0.8528,0.7260343946875533,0.7843281523038719
256,A,4,bare_sparse_vegetation,0.4225,0.5484164070612668,0.47729326705829184
256,A,4,permanent_water,0.8239,0.8094910591471802,0.8166319754187731
256,A,4,snow_and_ice,0.875,0.8842849924204144,0.8796179944709727
256,A,4,herbaceous_wetland,0.7155,0.6146907216494846,0.661275415896488
256,A,4,moss_lichen,0.8705,0.771036315323295,0.8177548144668859
256,A,5,tree_cover,0.6757,0.6310235338064998,0.6525980297469577
256,A,5,shrubland,0.3717,0.4005819592628516,0.38560091291042065
256,A,5,grassland,0.2373,0.4106957424714434,0.3007985803016859
256,A,5,cropland,0.7614,0.6131915921720222,0.6793058839273766
256,A,5,built_up,0.8555,0.7121451760592691,0.7772679780129924
256,A,5,bare_sparse_vegetation,0.4215,0.5584260731319555,0.4803966263961705
256,A,5,permanent_water,0.8149,0.8069115754035053,0.8108861137370017
256,A,5,snow_and_ice,0.8672,0.8824666734506971,0.8747667322338226
256,A,5,herbaceous_wetland,0.6916,0.617169373549884,0.652268225973781
256,A,5,moss_lichen,0.8533,0.7670112359550562,0.8078579881656804
256,A,6,tree_cover,0.659,0.6518298714144412,0.6553953257086028
256,A,6,shrubland,0.3952,0.4088980858768753,0.40193236714975844
256,A,6,grassland,0.299,0.4450066974252121,0.3576768945511095
256,A,6,cropland,0.7663,0.6387962654218072,0.6967630478268777
256,A,6,built_up,0.8585,0.7034578826614225,0.773284092956224
256,A,6,bare_sparse_vegetation,0.4305,0.5793298344771901,0.4939475646836097
256,A,6,permanent_water,0.8179,0.8264120440537537,0.822133990048751
256,A,6,snow_and_ice,0.9065,0.9294576027888855,0.9178352655292866
256,A,6,herbaceous_wetland,0.7363,0.6417116960083667,0.6857595231442674
256,A,6,moss_lichen,0.8924,0.8300623197842061,0.8601031275601175
256,A,7,tree_cover,0.6849,0.6320598006644518,0.6574198502591667
256,A,7,shrubland,0.3494,0.3941787003610108,0.3704410517387617
256,A,7,grassland,0.2459,0.3959742351046699,0.3033929673041333
256,A,7,cropland,0.7586,0.6224665627307787,0.6838238608193988
256,A,7,built_up,0.8598,0.6900481540930979,0.7656277827248442
256,A,7,bare_sparse_vegetation,0.4228,0.5419123301717508,0.47500280867318273
256,A,7,permanent_water,0.7886,0.8245503973232957,0.806174606419955
256,A,7,snow_and_ice,0.8824,0.876266137040715,0.8793223716990533
256,A,7,herbaceous_wetland,0.6802,0.6116906474820144,0.6441287878787879
256,A,7,moss_lichen,0.8439,0.7751446679526041,0.8080624311772874
256,A,8,tree_cover,0.6523,0.6600222604472327,0.6561384096967259
256,A,8,shrubland,0.4236,0.4075036075036075,0.4153959303750919
256,A,8,grassland,0.2923,0.4266530433513356,0.3469230312741084
256,A,8,cropland,0.7552,0.6401627532423497,0.6929393953296324
256,A,8,built_up,0.8402,0.7282024614317906,0.7802024329092767
256,A,8,bare_sparse_vegetation,0.438,0.5725490196078431,0.4963172804532578
256,A,8,permanent_water,0.8125,0.8242036924325421,0.8183100010071507
256,A,8,snow_and_ice,0.9035,0.9195928753180661,0.9114754098360657
256,A,8,herbaceous_wetland,0.6852,0.651888497764247,0.6681292964750621
256,A,8,moss_lichen,0.9124,0.7803626411221348,0.8412317905218514
256,A,9,tree_cover,0.6691,0.6346992980459116,0.651445818323435
256,A,9,shrubland,0.3688,0.3942698310883045,0.3811098480934174
256,A,9,grassland,0.2464,0.3855421686746988,0.3006527972667928
256,A,9,cropland,0.7463,0.6311738836265224,0.6839259530791789
256,A,9,built_up,0.8318,0.7267167569456578,0.7757157511890329
256,A,9,bare_sparse_vegetation,0.4257,0.5450704225352113,0.4780460415496912
256,A,9,permanent_water,0.8185,0.805293191656828,0.8118428883158103
256,A,9,snow_and_ice,0.8853,0.8714440397676937,0.8783173768540106
256,A,9,herbaceous_wetland,0.6735,0.6179466006055602,0.6445284463371453
256,A,9,moss_lichen,0.851,0.7457716238717027,0.7949184998365326
256,B,0,tree_cover,0.6636,0.6404787182704372,0.6518343892736113
256,B,0,shrubland,0.3447,0.40581587002590064,0.3727695468800692
256,B,0,grassland,0.2282,0.3937877480586713,0.2889522000633111
256,B,0,cropland,0.7312,0.6560200968957474,0.6915728743024685
256,B,0,built_up,0.8646,0.7029839824375965,0.7754607829947531
256,B,0,bare_sparse_vegetation,0.439,0.5160456094980604,0.4744150861836062
256,B,0,permanent_water,0.8292,0.7925826801758746,0.8104779591437786
256,B,0,snow_and_ice,0.8793,0.8675875678342377,0.8734045194934194
256,B,0,herbaceous_wetland,0.6951,0.6118299445471349,0.6508122278919527
256,B,0,moss_lichen,0.8708,0.7611888111888112,0.8123134328358209
256,B,1,tree_cover,0.6742,0.6531679906994768,0.6635173703375653
256,B,1,shrubland,0.3786,0.4153592978606692,0.3961286947423489
256,B,1,grassland,0.2549,0.4070584477802619,0.313491575451974
256,B,1,cropland,0.7607,0.6722340049487452,0.7137361606305123
256,B,1,built_up,0.8626,0.7321959086664969,0.7920664799595979
256,B,1,bare_sparse_vegetation,0.4534,0.5608609599208313,0.5014377350143774
256,B,1,permanent_water,0.8422,0.8056246412856323,0.8235064046152342
256,B,1,snow_and_ice,0.9149,0.9115273488094052,0.9132105604631433
256,B,1,herbaceous_wetland,0.7137,0.6474643926335844,0.6789706511915521
256,B,1,moss_lichen,0.9114,0.7852834740651388,0.843654540405443
256,B,2,tree_cover,0.675,0.6627393225331369,0.6688134753529849
256,B,2,shrubland,0.3725,0.43253599628425454,0.4002793896410917
256,B,2,grassland,0.291,0.42952029520295204,0.34694485842026823
256,B,2,cropland,0.7921,0.6625125460020074,0.721533977044999
256,B,2,built_up,0.8692,0.7332545976041842,0.7954607852109453
256,B,2,bare_sparse_vegetation,0.4509,0.5864984391259105,0.5098371777476255
256,B,2,permanent_water,0.8469,0.8184190181677619,0.8324159622567329
256,B,2,snow_and_ice,0.9342,0.9168711355383257,0.9254544553965032
256,B,2,herbaceous_wetland,0.756,0.6402981282290167,0.6933553446141147
256,B,2,moss_lichen,0.8904,0.8411109011902512,0.8650539201399009
256,B,3,tree_cover,0.7026,0.6545556176634991,0.6777274042635285
256,B,3,shrubland,0.403,0.44285714285714284,0.42198952879581153
256,B,3,grassland,0.3071,0.4631975867269985,0.3693325315694527
256,B,3,cropland,0.7767,0.7041066086483546,0.7386239360943369
256,B,3,built_up,0.8858,0.7368158376310098,0.8044682590137135
256,B,3,bare_sparse_vegetation,0.4723,0.598833523519716,0.5280930284564209
256,B,3,permanent_water,0.8579,0.8260953298025999,0.8416973264655385
256,B,3,snow_and_ice,0.9612,0.9318468250121182,0.946295840511937
256,B,3,herbaceous_wetland,0.7558,0.698392164110146,0.7259629238305638
256,B,3,moss_lichen,0.9393,0.8482029980133646,0.891430198348676
256,B,4,tree_cover,0.711,0.6593712324955949,0.6842130587499399
256,B,4,shrubland,0.4178,0.46140254003313086,0.43852007347152977
256,B,4,grassland,0.3371,0.49874241751738424,0.4022913061638523
256,B,4,cropland,0.8111,0.6929517300299017,0.7473853950702601
256,B,4,built_up,0.8868,0.7505713076597545,0.8130185652074261
256,B,4,bare_sparse_vegetation,0.4781,0.6248039728175641,0.5416949920688874
256,B,4,permanent_water,0.8665,0.8383320433436533,0.8521833202202991
256,B,4,snow_and_ice,0.9681,0.951543149203853,0.9597501734906314
256,B,4,herbaceous_wetland,0.8003,0.714043540328337,0.7547152018106374
256,B,4,moss_lichen,0.9399,0.8940359554836869,0.9163944815482864
256,B,5,tree_cover,0.7098,0.6685504379768296,0.6885579861279526
256,B,5,shrubland,0.4247,0.4694892770285209,0.44597290769715425
256,B,5,grassland,0.326,0.5131433968203998,0.39870360178560504
256,B,5,cropland,0.8224,0.6929558476575666,0.7521492591915128
256,B,5,built_up,0.8976,0.7475639210460565,0.8157404462216568
256,B,5,bare_sparse_vegetation,0.4924,0.6295870093338448,0.552606475506425
256,B,5,permanent_water,0.8585,0.8562736884101336,0.8573853989813244
256,B,5,snow_and_ice,0.9666,0.9596902303415409,0.9631327222000798
256,B,5,herbaceous_wetland,0.8345,0.7067841111205218,0.7653505755032789
256,B,5,moss_lichen,0.9435,0.9086969084079746,0.9257714762301918
256,B,6,tree_cover,0.6977,0.6832158245201724,0.6903819513160498
256,B,6,shrubland,0.4279,0.46199524940617576,0.444294465787561
256,B,6,grassland,0.3385,0.5044709388971684,0.40514661879114305
256,B,6,cropland,0.8302,0.6692462716646513,0.7410845793349699
256,B,6,built_up,0.8898,0.7489268580085852,0.8133083497097939
256,B,6,bare_sparse_vegetation,0.4804,0.6336894868750824,0.5464990614868324
256,B,6,permanent_water,0.8592,0.8491796797786124,0.8541604533253803
256,B,6,snow_and_ice,0.9604,0.960015993602559,0.9602079584083183
256,B,6,herbaceous_wetland,0.8012,0.7099689853788215,0.7528306319003993
256,B,6,moss_lichen,0.9471,0.898406374501992,0.9221107973907118
256,B,7,tree_cover,0.7103,0.6799081075906959,0.6947718491710276
256,B,7,shrubland,0.4544,0.46672144617912903,0.4604783137413863
256,B,7,grassland,0.3378,0.5430868167202573,0.4165228113440197
256,B,7,cropland,0.8241,0.6957953394123607,0.7545321369712507
256,B,7,built_up,0.9012,0.7472017245667855,0.8170073886043244
256,B,7,bare_sparse_vegetation,0.4942,0.6537037037037037,0.5628701594533029
256,B,7,permanent_water,0.8636,0.8613604627967285,0.8624787775891342
256,B,7,snow_and_ice,0.9723,0.9628639334521687,0.9675589610906559
256,B,7,herbaceous_wetland,0.8355,0.7334737951013959,0.7811696507877145
256,B,7,moss_lichen,0.9583,0.9026090232645757,0.9296211863995731
256,B,8,tree_cover,0.701,0.6873896842518141,0.6941281314981682
256,B,8,shrubland,0.4638,0.4733136034289213,0.4685085105308348
256,B,8,grassland,0.3122,0.5681528662420382,0.40296869958050985
256,B,8,cropland,0.8275,0.6851867185559327,0.7496489559269829
256,B,8,built_up,0.8951,0.7454197201865423,0.8134314794620139
256,B,8,bare_sparse_vegetation,0.4964,0.6451780608266181,0.561094156211145
256,B,8,permanent_water,0.8645,0.8496314496314497,0.857001239157373
256,B,8,snow_and_ice,0.97,0.9556650246305419,0.9627791563275433
256,B,8,herbaceous_wetland,0.8421,0.7067561896768779,0.7685147159479808
256,B,8,moss_lichen,0.9489,0.9046620268853084,0.9262531114256429
256,B,9,tree_cover,0.7139,0.6798400152366442,0.6964538315204137
256,B,9,shrubland,0.4388,0.48003500711081937,0.45849224178465076
256,B,9,grassland,0.3024,0.5694915254237288,0.39503592423252776
256,B,9,cropland,0.8468,0.6781995835335576,0.7531797562928043
256,B,9,built_up,0.8959,0.7510269092128427,0.8170915226412513
256,B,9,bare_sparse_vegetation,0.5132,0.6362509298289115,0.5681390457212443
256,B,9,permanent_water,0.8639,0.8556006734673666,0.8597303080061701
256,B,9,snow_and_ice,0.9666,0.9703844995482381,0.9684885526777216
256,B,9,herbaceous_wetland,0.8367,0.7219777375097075,0.7751169577099449
256,B,9,moss_lichen,0.9669,0.8854395604395604,0.9243785850860421
256,C,0,tree_cover,0.6636,0.6404787182704372,0.6518343892736113
256,C,0,shrubland,0.3447,0.40581587002590064,0.3727695468800692
256,C,0,grassland,0.2282,0.3937877480586713,0.2889522000633111
256,C,0,cropland,0.7312,0.6560200968957474,0.6915728743024685
256,C,0,built_up,0.8646,0.7029839824375965,0.7754607829947531
256,C,0,bare_sparse_vegetation,0.439,0.5160456094980604,0.4744150861836062
256,C,0,permanent_water,0.8292,0.7925826801758746,0.8104779591437786
256,C,0,snow_and_ice,0.8793,0.8675875678342377,0.8734045194934194
256,C,0,herbaceous_wetland,0.6951,0.6118299445471349,0.6508122278919527
256,C,0,moss_lichen,0.8708,0.7611888111888112,0.8123134328358209
256,C,1,tree_cover,0.6566,0.6243818942563713,0.6400857867030609
256,C,1,shrubland,0.3447,0.3875646503260625,0.36487773896475073
256,C,1,grassland,0.1966,0.3863993710691824,0.2606044538706257
256,C,1,cropland,0.7121,0.6261871262750616,0.6663859255100131
256,C,1,built_up,0.8519,0.6829405162738497,0.7581204947939842
256,C,1,bare_sparse_vegetation,0.4134,0.5066797401642358,0.4553114158268627
256,C,1,permanent_water,0.8084,0.7847019996117259,0.7963747414047877
256,C,1,snow_and_ice,0.8457,0.852692075015124,0.8491816447434481
256,C,1,herbaceous_wetland,0.6654,0.5886411889596603,0.6246714232069095
256,C,1,moss_lichen,0.8566,0.7154430802639272,0.7796841578300642
256,C,2,tree_cover,0.6489,0.6208975217682519,0.6345899955992372
256,C,2,shrubland,0.353,0.3774190099433337,0.36480132279233196
256,C,2,grassland,0.1712,0.3803599200177738,0.23612164678298045
256,C,2,cropland,0.7124,0.6081092616303884,0.6561363113055492
256,C,2,built_up,0.8439,0.6766356638871072,0.751067995728017
256,C,2,bare_sparse_vegetation,0.4025,0.5142455602401942,0.4515622370561508
256,C,2,permanent_water,0.8033,0.7789953452288596,0.7909610082709729
256,C,2,snow_and_ice,0.8243,0.8313666162380232,0.8278182274667335
256,C,2,herbaceous_wetland,0.6467,0.5751511917467094,0.6088307286763321
256,C,2,moss_lichen,0.8386,0.6868140868140868,0.755155335434489
256,C,3,tree_cover,0.6483,0.6138623236435944,0.6306113515879578
256,C,3,shrubland,0.354,0.3696355852563433,0.36164887367829596
256,C,3,grassland,0.1534,0.38273453093812376,0.21901770416904626
256,C,3,cropland,0.7185,0.6003007770072688,0.654103509490646
256,C,3,built_up,0.839,0.6735168981295657,0.7472057710290778
256,C,3,bare_sparse_vegetation,0.4051,0.510780481654268,0.4518431766214935
256,C,3,permanent_water,0.7989,0.7821617387898963,0.790442267735233
256,C,3,snow_and_ice,0.8174,0.8299319727891157,0.823618318303189
256,C,3,herbaceous_wetland,0.6336,0.5787358421629522,0.6049264846286041
256,C,3,moss_lichen,0.8387,0.6717123177959314,0.7459752735035132
256,C,4,tree_cover,0.6474,0.6112160120845922,0.6287878787878788
256,C,4,shrubland,0.3536,0.36688109566300064,0.36011813830328954
256,C,4,grassland,0.1477,0.37988683127572015,0.21270161290322578
256,C,4,cropland,0.7073,0.5932729407817481,0.6452878387008485
256,C,4,built_up,0.8369,0.6716154401733408,0.7452027959574373
256,C,4,bare_sparse_vegetation,0.398,0.5083663303103845,0.4464636266756408
256,C,4,permanent_water,0.7983,0.7814977973568282,0.7898095473658174
256,C,4,snow_and_ice,0.8102,0.8212041354145551,0.815664955199839
256,C,4,herbaceous_wetland,0.636,0.5678064458530488,0.5999716994481392
256,C,4,moss_lichen,0.829,0.6691959961252826,0.7405753082008217
256,C,5,tree_cover,0.6503,0.601850994909764,0.6251381879355924
256,C,5,shrubland,0.3469,0.3615801542630811,0.35408798611819947
256,C,5,grassland,0.1396,0.3799673380511704,0.2041831212520111
256,C,5,cropland,0.7111,0.5864742268041238,0.6428022598870057
256,C,5,built_up,0.838,0.6651321533455036,0.74162573565202
256,C,5,bare_sparse_vegetation,0.3893,0.5064394432158189,0.4402103239667552
256,C,5,permanent_water,0.7977,0.7817522540180322,0.7896456147297564
256,C,5,snow_and_ice,0.7776,0.8052190121155638,0.7911685404690441
256,C,5,herbaceous_wetland,0.6313,0.5640636168691923,0.5957908644771612
256,C,5,moss_lichen,0.8105,0.650324961887186,0.7216311267417531
256,C,6,tree_cover,0.649,0.5990400590732878,0.6230200633579726
256,C,6,shrubland,0.3399,0.353878188443519,0.3467482785003825
256,C,6,grassland,0.1303,0.38413915094339623,0.19459378733572283
256,C,6,cropland,0.7034,0.5775515231135562,0.6342937012489293
256,C,6,built_up,0.8392,0.6628228417976463,0.7406557521733373
256,C,6,bare_sparse_vegetation,0.3818,0.49584415584415586,0.4314124293785311
256,C,6,permanent_water,0.7858,0.7836059034702832,0.7847014180147794
256,C,6,snow_and_ice,0.7476,0.8,0.7729128973895064
256,C,6,herbaceous_wetland,0.6255,0.5536378120021243,0.5873790966287914
256,C,6,moss_lichen,0.81,0.6250964655039358,0.705636379475564
256,C,7,tree_cover,0.6381,0.6078300628691179,0.6225973265684457
256,C,7,shrubland,0.3464,0.351461038961039,0.34891216760676874
256,C,7,grassland,0.1245,0.3752260397830018,0.1869650097612254
256,C,7,cropland,0.6999,0.573970805314089,0.6307110029737768
256,C,7,built_up,0.8415,0.6543545878693624,0.7362204724409449
256,C,7,bare_sparse_vegetation,0.3773,0.49236591413284614,0.4272207439279851
256,C,7,permanent_water,0.7854,0.7810262529832935,0.7832070203430395
256,C,7,snow_and_ice,0.7296,0.7997369286418942,0.7630601893008419
256,C,7,herbaceous_wetland,0.6246,0.5464566929133858,0.5829211385907606
256,C,7,moss_lichen,0.8059,0.6198277188124904,0.7007216763759673
256,C,8,tree_cover,0.637,0.6028201003122929,0.6194389069869207
256,C,8,shrubland,0.3468,0.34973779749899153,0.3482627033540872
256,C,8,grassland,0.1234,0.3721351025331725,0.18534094322619404
256,C,8,cropland,0.6948,0.5734565863321228,0.6283233857840477
256,C,8,built_up,0.8396,0.6535377909239511,0.7349761456646386
256,C,8,bare_sparse_vegetation,0.3754,0.4905265908793937,0.42531014558431995
256,C,8,permanent_water,0.7821,0.7871376811594203,0.7846107544141253
256,C,8,snow_and_ice,0.7191,0.794761273209549,0.7550398992020159
256,C,8,herbaceous_wetland,0.6184,0.5465794590772495,0.5802758750117295
256,C,8,moss_lichen,0.8007,0.602619101377286,0.6876798213595569
256,C,9,tree_cover,0.6347,0.600757217226692,0.6172623389253586
256,C,9,shrubland,0.3407,0.3481859989780276,0.3444023249936821
256,C,9,grassland,0.1201,0.3658239415169053,0.1808326432281864
256,C,9,cropland,0.6893,0.565974217916085,0.6215789710987871
256,C,9,built_up,0.8377,0.6474725614469006,0.7304036969221379
256,C,9,bare_sparse_vegetation,0.3731,0.4814193548387097,0.4203943661971831
256,C,9,permanent_water,0.787,0.7760575880090721,0.7814904920311802
256,C,9,snow_and_ice,0.7054,0.7913394660085259,0.7459025060801524
256,C,9,herbaceous_wetland,0.6017,0.5488461187631123,0.5740590564327624
256,C,9,moss_lichen,0.7966,0.5908618899273105,0.6784771314198108
256,D,0,tree_cover,0.6636,0.6404787182704372,0.6518343892736113
256,D,0,shrubland,0.3447,0.40581587002590064,0.3727695468800692
256,D,0,grassland,0.2282,0.3937877480586713,0.2889522000633111
256,D,0,cropland,0.7312,0.6560200968957474,0.6915728743024685
256,D,0,built_up,0.8646,0.7029839824375965,0.7754607829947531
256,D,0,bare_sparse_vegetation,0.439,0.5160456094980604,0.4744150861836062
256,D,0,permanent_water,0.8292,0.7925826801758746,0.8104779591437786
256,D,0,snow_and_ice,0.8793,0.8675875678342377,0.8734045194934194
256,D,0,herbaceous_wetland,0.6951,0.6118299445471349,0.6508122278919527
256,D,0,moss_lichen,0.8708,0.7611888111888112,0.8123134328358209
256,D,1,tree_cover,0.6507,0.643620178041543,0.6471407260069617
256,D,1,shrubland,0.3681,0.3936056458511548,0.3804257957833815
256,D,1,grassland,0.1914,0.3976729690421774,0.25842165665294
256,D,1,cropland,0.7466,0.6258172673931266,0.6808937528499772
256,D,1,built_up,0.8612,0.6988557981011118,0.7715808807059983
256,D,1,bare_sparse_vegetation,0.4125,0.5284396617986165,0.4633269684376053
256,D,1,permanent_water,0.8148,0.7954700771258421,0.8050190189201205
256,D,1,snow_and_ice,0.8552,0.8688408005689322,0.861966436526735
256,D,1,herbaceous_wetland,0.696,0.5966566652378912,0.6425109623817217
256,D,1,moss_lichen,0.8701,0.7302559798573227,0.7940679899612137
256,D,2,tree_cover,0.6549,0.6431307080428165,0.6489619977208542
256,D,2,shrubland,0.376,0.3991507430997877,0.38722966014418125
256,D,2,grassland,0.1879,0.4037387193811775,0.25644875119421323
256,D,2,cropland,0.7452,0.6277482941622441,0.6814503223446573
256,D,2,built_up,0.8656,0.6913185847775737,0.7687047644420762
256,D,2,bare_sparse_vegetation,0.4185,0.5316310975609756,0.4683303491495076
256,D,2,permanent_water,0.8168,0.7959462093159229,0.8062382785509821
256,D,2,snow_and_ice,0.8533,0.8837907819782496,0.8682777919104553
256,D,2,herbaceous_wetland,0.7041,0.5939767167200944,0.6443671639059211
256,D,2,moss_lichen,0.8672,0.7406901264092928,0.798968122351207
256,D,3,tree_cover,0.6551,0.638810336421258,0.6468526289804987
256,D,3,shrubland,0.3859,0.38873778583660723,0.3873136949867015
256,D,3,grassland,0.173,0.408983451536643,0.2431482782853127
256,D,3,cropland,0.7384,0.6308954203691046,0.6804275709546627
256,D,3,built_up,0.862,0.6982584042122316,0.7715372566569701
256,D,3,bare_sparse_vegetation,0.4122,0.5356029106029107,0.46586799276672697
256,D,3,permanent_water,0.8123,0.7967631191760667,0.8044565486506562
256,D,3,snow_and_ice,0.8508,0.8800165494414564,0.8651616839536302
256,D,3,herbaceous_wetland,0.7052,0.5897800451618299,0.6423464043357471
256,D,3,moss_lichen,0.8741,0.727023205522748,0.7938064750488126
256,D,4,tree_cover,0.6564,0.6379628729711342,0.6470501256838681
256,D,4,shrubland,0.3814,0.3895812053115424,0.3854471955533098
256,D,4,grassland,0.1768,0.4040219378427788,0.24596549805230944
256,D,4,cropland,0.7431,0.6260847586148791,0.679592116694865
256,D,4,built_up,0.8613,0.6943727829732345,0.7688805570433851
256,D,4,bare_sparse_vegetation,0.4096,0.536406495547407,0.4645044227716036
256,D,4,permanent_water,0.8132,0.7989781882491649,0.8060263653483993
256,D,4,snow_and_ice,0.8493,0.8781925343811395,0.8635046515174623
256,D,4,herbaceous_wetland,0.708,0.5899016830528245,0.6435778565584948
256,D,4,moss_lichen,0.8648,0.7338141705557912,0.7939407849437687
256,D,5,tree_cover,0.6484,0.6423617990885675,0.6453667761520852
256,D,5,shrubland,0.3871,0.3852891410371255,0.3861924477477927
256,D,5,grassland,0.1745,0.41204250295159384,0.24517035475939583
256,D,5,cropland,0.7398,0.6278004073319755,0.6792141020932794
256,D,5,built_up,0.8668,0.6855967729178202,0.7656229298237865
256,D,5,bare_sparse_vegetation,0.4014,0.5415542363734485,0.4610613370089593
256,D,5,permanent_water,0.8095,0.8018821198613175,0.8056730529982582
256,D,5,snow_and_ice,0.8463,0.878816199376947,0.8622516556291392
256,D,5,herbaceous_wetland,0.712,0.5826990752107374,0.6408929294747738
256,D,5,moss_lichen,0.865,0.7305126256228359,0.7920882743464126
256,D,6,tree_cover,0.6544,0.6399374144337963,0.6470879066548008
256,D,6,shrubland,0.3749,0.3897089397089397,0.3821610601427115
256,D,6,grassland,0.1727,0.40798488069926764,0.24267547249350105
256,D,6,cropland,0.7466,0.6215968695362585,0.6783880786879288
256,D,6,built_up,0.8602,0.6947742508682659,0.7686877261963273
256,D,6,bare_sparse_vegetation,0.413,0.5336606796743766,0.4656406787304808
256,D,6,permanent_water,0.813,0.7968244633931196,0.8048309656981636
256,D,6,snow_and_ice,0.8558,0.8720195638883228,0.8638336529726456
256,D,6,herbaceous_wetland,0.7101,0.5840598782694522,0.6409423233143785
256,D,6,moss_lichen,0.8585,0.7391304347826086,0.794355771455008
256,D,7,tree_cover,0.6516,0.6416543574593796,0.6465889357479533
256,D,7,shrubland,0.3749,0.3898305084745763,0.38221950349186923
256,D,7,grassland,0.1745,0.4077102803738318,0.24439775910364142
256,D,7,cropland,0.7403,0.6277452726193504,0.6793924654705639
256,D,7,built_up,0.8641,0.6880872750437967,0.7661140172001065
256,D,7,bare_sparse_vegetation,0.419,0.5283066448114991,0.46734705259048576
256,D,7,permanent_water,0.8182,0.796379209655441,0.8071421525106047
256,D,7,snow_and_ice,0.8474,0.8827083333333333,0.8646938775510203
256,D,7,herbaceous_wetland,0.7047,0.587690768076057,0.6408985494065753
256,D,7,moss_lichen,0.8636,0.7318023896279976,0.7922572359066097
256,D,8,tree_cover,0.6474,0.6476590636254502,0.6475295059011802
256,D,8,shrubland,0.3825,0.38852209243270697,0.3854875283446712
256,D,8,grassland,0.1713,0.414870428675224,0.2424800056621134
256,D,8,cropland,0.7594,0.6133096430302052,0.6785810025913682
256,D,8,built_up,0.8633,0.6913036515054453,0.7677872643187477
256,D,8,bare_sparse_vegetation,0.4113,0.5370854008879603,0.4658511722731906
256,D,8,permanent_water,0.8113,0.801125703564728,0.8061807522233815
256,D,8,snow_and_ice,0.8521,0.8789066529138732,0.8652957603452653
256,D,8,herbaceous_wetland,0.7017,0.5916027316415142,0.6419651434060656
256,D,8,moss_lichen,0.8659,0.7326338945765293,0.7937119024703241
256,D,9,tree_cover,0.64,0.6512669176757911,0.6455843042316034
256,D,9,shrubland,0.3985,0.3821442270809359,0.39015077344820837
256,D,9,grassland,0.1654,0.41757132037364303,0.23694577752310003
256,D,9,cropland,0.7512,0.623402489626556,0.681360544217687
256,D,9,built_up,0.8646,0.6883209935514688,0.7664553876157971
256,D,9,bare_sparse_vegetation,0.4171,0.5335806575412563,0.4682045237694337
256,D,9,permanent_water,0.8101,0.806792152176078,0.8084426924804152
256,D,9,snow_and_ice,0.8484,0.8848560700876095,0.8662446395752502
256,D,9,herbaceous_wetland,0.7004,0.5922042783461571,0.6417739496953315
256,D,9,moss_lichen,0.8677,0.7291596638655462,0.7924200913242009
