scale,sampling_seed,arm,gen,train_size,overall_accuracy,macro_f1,ece,temperature,worst_recall
S1,42,A,0,1000,0.5201,0.4973974856137425,0.0250839370757341,1.129826488860222,0.147
S1,42,B,0,1000,0.5201,0.4973974856137425,0.0250839370757341,1.129826488860222,0.147
S1,42,C,0,1000,0.5201,0.4973974856137425,0.0250839370757341,1.129826488860222,0.147
S1,42,D,0,1000,0.5201,0.4973974856137425,0.0250839370757341,1.129826488860222,0.147
S1,42,A,1,1000,0.5217,0.5106185525166034,0.0215384654104709,1.4533501967559954,0.119
S1,42,B,1,2000,0.5354,0.5125634778083806,0.0166255504608154,1.105056457032782,0.102
S1,42,C,1,1000,0.5073,0.4806600937367197,0.0215197494000196,3.493467953646435,0.133
S1,42,D,1,2000,0.5125,0.48630663998846,0.0189855144053697,1.5295257504523116,0.129
S1,42,A,2,1000,0.5192,0.5013371003603959,0.039141182257235,1.2563823869524788,0.099
S1,42,B,2,3000,0.5368,0.511908240713975,0.0209562285736203,1.067044083101507,0.091
S1,42,C,2,1000,0.252,0.1767904908696146,0.0830800374224781,0.2265958944851087,0.0
S1,42,D,2,3000,0.5124,0.4886790296684265,0.0292512042313814,1.8808899152351988,0.152
S1,42,A,3,1000,0.5135,0.4990965383776921,0.0291227231800556,1.1739079862865254,0.153
S1,42,B,3,4000,0.538,0.5127384211471909,0.016958252055943,1.0407187235083526,0.089
S1,42,C,3,1000,0.1697,0.0752117443177864,0.0624821442484855,0.6882511305371676,0.0
S1,42,D,3,4000,0.5098,0.4846815757520187,0.0308903520554304,2.024050651739825,0.142
S1,42,A,4,1000,0.5172,0.5046439677329695,0.0371725969344377,1.1053139845966735,0.16
S1,42,B,4,5000,0.5361,0.5106186622167693,0.0160670119106769,1.0178880667749557,0.094
S1,42,C,4,1000,0.1658,0.0707481113522967,0.0592719711542129,1.1383241889324691,0.0
S1,42,D,4,5000,0.5087,0.4825265350966267,0.031422398135066,2.0964720595998863,0.136
S1,42,A,5,1000,0.51,0.4922858321395461,0.0271101117670535,1.2016002751235957,0.14
S1,42,B,5,6000,0.5491,0.527393393280998,0.0119197376772761,1.0348131699812722,0.117
S1,42,C,5,1000,0.1,0.0181818181818181,0.0055132672190666,1.550991848790541,0.0
S1,42,D,5,6000,0.5086,0.4821133152264401,0.0343975935205817,2.253538161566297,0.134
S1,42,A,6,1000,0.5217,0.5120060761484329,0.0210318535655736,1.188535197884231,0.194
S1,42,B,6,7000,0.5511,0.5255847753997293,0.0178980143398046,1.0016744339860268,0.114
S1,42,C,6,1000,0.1,0.0181818181818181,0.0011459380388259,7.597380551004702,0.0
S1,42,D,6,7000,0.5101,0.4839250932616624,0.0387105504795909,2.5156867733248527,0.133
S1,42,A,7,1000,0.5148,0.5006331320015279,0.0265331315770745,1.2920598240453454,0.13
S1,42,B,7,8000,0.5471,0.5203041830953692,0.016595173497498,0.9825280105150483,0.077
S1,42,C,7,1000,0.1,0.0181818181818181,0.0010288298130035,8.458042556244758,0.0
S1,42,D,7,8000,0.5106,0.4849750114572277,0.0352202508300542,2.691839998698846,0.142
S1,42,A,8,1000,0.5117,0.4894556072244226,0.0245259036689996,1.1051463385631384,0.102
S1,42,B,8,9000,0.5444,0.5188224418227186,0.0155222452461719,0.9750776185891088,0.085
S1,42,C,8,1000,0.1,0.0181818181818181,0.0011360436677932,7.662994322077555,0.0
S1,42,D,8,9000,0.5085,0.4826693814810363,0.0372615055128932,2.7578325990958845,0.136
S1,42,A,9,1000,0.5022,0.4895937721293737,0.0268326482281088,1.0832580827652305,0.171
S1,42,B,9,10000,0.5472,0.5229634169766534,0.0175627583429217,0.9677285314021836,0.102
S1,42,C,9,1000,0.1,0.0181818181818181,0.0011541411280631,7.543836346491568,0.0
S1,42,D,9,10000,0.5081,0.4827797473739054,0.0385127671539783,2.766996166281075,0.139
S1,123,A,0,1000,0.5062,0.4933133851335122,0.0225972869515419,1.106184847221004,0.132
S1,123,B,0,1000,0.5062,0.4933133851335122,0.0225972869515419,1.106184847221004,0.132
S1,123,C,0,1000,0.5062,0.4933133851335122,0.0225972869515419,1.106184847221004,0.132
S1,123,D,0,1000,0.5062,0.4933133851335122,0.0225972869515419,1.106184847221004,0.132
S1,123,A,1,1000,0.5129,0.4978717184474498,0.0197325297817587,1.1119422457733137,0.14
S1,123,B,1,2000,0.5241,0.5023589344517257,0.0164825258657336,0.966059347499224,0.095
S1,123,C,1,1000,0.493,0.4732787533041122,0.0268794763699173,2.378458879530196,0.117
S1,123,D,1,2000,0.4969,0.4744671651417764,0.0259201103076338,1.3450794068608936,0.096
S1,123,A,2,1000,0.5288,0.5151975797164946,0.020942801348865,1.2681235741318662,0.158
S1,123,B,2,3000,0.5407,0.5197493660245971,0.0131400904417037,0.9977602648508976,0.105
S1,123,C,2,1000,0.4883,0.4662643402798642,0.0238148424953222,3.288637821487689,0.098
S1,123,D,2,3000,0.5005,0.4760117318863962,0.0290054239660501,1.6752132530926025,0.086
S1,123,A,3,1000,0.5224,0.5103609328688777,0.0168315014362335,1.3034991880954725,0.147
S1,123,B,3,4000,0.563,0.5466520837669097,0.0095272709950804,1.1431896309939409,0.14
S1,123,C,3,1000,0.4796,0.4524144326734706,0.0214220385387539,3.094415640303864,0.081
S1,123,D,3,4000,0.5039,0.4796845617138229,0.036664809718728,1.984021659869989,0.084
S1,123,A,4,1000,0.5197,0.5040694250392262,0.0177145258322358,1.1517328234784017,0.121
S1,123,B,4,5000,0.5566,0.5353302813865042,0.0106074335008859,1.054989347024796,0.119
S1,123,C,4,1000,0.4714,0.4384815210473808,0.0275317192733287,3.835782601966741,0.036
S1,123,D,4,5000,0.4989,0.4725397570214469,0.0314189268261194,1.9759190704645568,0.068
S1,123,A,5,1000,0.5238,0.5147835732291967,0.0218767352998256,1.3618109951063864,0.221
S1,123,B,5,6000,0.6075,0.593565989924554,0.0239693692266941,1.3297970066767086,0.199
S1,123,C,5,1000,0.2887,0.2171262383072361,0.1037895526573061,0.5308411067066164,0.0
S1,123,D,5,6000,0.5015,0.4743272594420331,0.0357396941393613,2.1786432630910504,0.064
S1,123,A,6,1000,0.511,0.5018596468983703,0.023547261044383,1.3157154801098776,0.171
S1,123,B,6,7000,0.6045,0.5912130965292094,0.015577810165286,1.1920380215545083,0.197
S1,123,C,6,1000,0.1699,0.0702905485467188,0.0319913506135344,1.2306662494331242,0.0
S1,123,D,6,7000,0.5014,0.4753136564778973,0.0369916509866714,2.328560832125981,0.069
S1,123,A,7,1000,0.5227,0.5042929591212663,0.0183115567326545,1.053304855692785,0.121
S1,123,B,7,8000,0.6076,0.5927055007628779,0.0154577301979065,1.1157242991860867,0.191
S1,123,C,7,1000,0.0997,0.018889636552256,0.0058767461657524,1.325480035036856,0.0
S1,123,D,7,8000,0.5024,0.4753958700631752,0.0359832416564226,2.4825923117854165,0.07
S1,123,A,8,1000,0.5183,0.5042134450896849,0.0195742173016071,1.078494697601118,0.169
S1,123,B,8,9000,0.585,0.5686817412421291,0.0122220701828598,1.0146766411472876,0.184
S1,123,C,8,1000,0.1001,0.0185822764687372,0.0016429456114769,4.417651507721099,0.0
S1,123,D,8,9000,0.5027,0.4748597474358761,0.0403059003204107,2.561534461674753,0.066
S1,123,A,9,1000,0.5212,0.5128417165370507,0.0223532849475741,1.314565463989216,0.213
S1,123,B,9,10000,0.6326,0.6200373142895367,0.0136380675837397,1.1352255115160006,0.244
S1,123,C,9,1000,0.1002,0.0187834107045195,0.001599190044403,4.28110649442291,0.0
S1,123,D,9,10000,0.5018,0.4724124504891877,0.0385867932006716,2.548713905722356,0.055
S1,256,A,0,1000,0.5288,0.5166544341940174,0.0174453507348895,1.2762358604016386,0.121
S1,256,B,0,1000,0.5288,0.5166544341940174,0.0174453507348895,1.2762358604016386,0.121
S1,256,C,0,1000,0.5288,0.5166544341940174,0.0174453507348895,1.2762358604016386,0.121
S1,256,D,0,1000,0.5288,0.5166544341940174,0.0174453507348895,1.2762358604016386,0.121
S1,256,A,1,1000,0.5253,0.5146865507903146,0.0237067949324846,1.2206580931860194,0.183
S1,256,B,1,2000,0.5468,0.5310641793576031,0.01503835657835,1.046018074140703,0.13
S1,256,C,1,1000,0.4949,0.4741701224212452,0.0086270548447966,1.774145599458265,0.08
S1,256,D,1,2000,0.5135,0.4951453541104741,0.0182211129724979,1.366826205780005,0.089
S1,256,A,2,1000,0.5143,0.4992580655800703,0.0210870064482092,1.2525621827840387,0.131
S1,256,B,2,3000,0.5531,0.5380046744985962,0.0136587831452488,1.0547051297865344,0.136
S1,256,C,2,1000,0.4714,0.4439254157574096,0.0224004536122083,2.6052629270291368,0.022
S1,256,D,2,3000,0.5125,0.4909345918752738,0.0241500327780842,1.649804303762919,0.058
S1,256,A,3,1000,0.5148,0.5008722075225415,0.0240148490458726,1.338601079774552,0.118
S1,256,B,3,4000,0.5977,0.5857598380594585,0.0206515371739864,1.2925371678060575,0.22
S1,256,C,3,1000,0.4607,0.4307238006399523,0.0388532530635595,3.5765718081593225,0.005
S1,256,D,3,4000,0.5166,0.4971088173827239,0.0258644144266843,1.987838048182464,0.064
S1,256,A,4,1000,0.5014,0.4890062668101517,0.015772100956738,1.027200427333436,0.16
S1,256,B,4,5000,0.5567,0.5387862378420212,0.0181873692587018,1.0045955414992302,0.131
S1,256,C,4,1000,0.4575,0.4271614692771083,0.0434581711754202,3.833822789332923,0.0
S1,256,D,4,5000,0.5169,0.4977847404091348,0.0311232907071709,2.291212000257293,0.06
S1,256,A,5,1000,0.5161,0.5000360306714371,0.0183871743619442,1.1081941446991572,0.11
S1,256,B,5,6000,0.5537,0.5344787891091707,0.0134813798457384,0.9856894155065408,0.121
S1,256,C,5,1000,0.4483,0.4181672645038226,0.0559977756142616,4.378342193026155,0.0
S1,256,D,5,6000,0.5149,0.493966342911485,0.0310260860562324,2.3108331623781297,0.051
S1,256,A,6,1000,0.5248,0.5136358315136398,0.0197583205103874,1.2799762505498562,0.197
S1,256,B,6,7000,0.5687,0.5505598077775927,0.0175278446555137,0.9992448007948782,0.153
S1,256,C,6,1000,0.447,0.4188141992748289,0.04815267431885,4.437378382635402,0.0
S1,256,D,6,7000,0.5136,0.49327495245533,0.0320376853108406,2.4235449894061394,0.058
S1,256,A,7,1000,0.5166,0.5010875195869353,0.013907852089405,1.045153563117569,0.159
S1,256,B,7,8000,0.5787,0.5630502842222919,0.0107590590208768,0.9869890471360862,0.19
S1,256,C,7,1000,0.4336,0.4058399793283092,0.0548977618843317,4.242400762140783,0.0
S1,256,D,7,8000,0.5129,0.4921729013608682,0.0319837573364377,2.4183957304143604,0.051
S1,256,A,8,1000,0.5314,0.5216658266102862,0.013112490299344,1.2591327958805565,0.167
S1,256,B,8,9000,0.628,0.6118210825188893,0.0156299100860953,1.1055252812421033,0.181
S1,256,C,8,1000,0.4306,0.4020095350474907,0.0581687482476234,4.793191094601051,0.0
S1,256,D,8,9000,0.5147,0.4937369689228429,0.0325091836616396,2.692829156264755,0.056
S1,256,A,9,1000,0.5057,0.4936201543633269,0.0266866730883717,1.1065128652653158,0.147
S1,256,B,9,10000,0.6196,0.6051096246082839,0.0131534087225794,1.041584812291327,0.208
S1,256,C,9,1000,0.4197,0.3923516337786825,0.0518539744973182,4.884721426639551,0.0
S1,256,D,9,10000,0.5125,0.4923906422448848,0.033654704760015,2.647568063234655,0.053
S2,42,A,0,3000,0.5637333333333333,0.5521526797477563,0.0137483366509278,1.0459689143691937,0.1866666666666666
S2,42,B,0,3000,0.5637333333333333,0.5521526797477563,0.0137483366509278,1.0459689143691937,0.1866666666666666
S2,42,C,0,3000,0.5637333333333333,0.5521526797477563,0.0137483366509278,1.0459689143691937,0.1866666666666666
S2,42,D,0,3000,0.5637333333333333,0.5521526797477563,0.0137483366509278,1.0459689143691937,0.1866666666666666
S2,42,A,1,3000,0.5668,0.5523127261428101,0.013823151906828,1.057052370581592,0.1803333333333333
S2,42,B,1,6000,0.5889333333333333,0.5739597547456669,0.0163145374228557,0.996883480832137,0.17
S2,42,C,1,3000,0.5513666666666667,0.5365375418422863,0.0222149800270795,2.964522030138784,0.1766666666666666
S2,42,D,1,6000,0.5655333333333333,0.552571585281828,0.0277384512672821,1.5265538586442136,0.1953333333333333
S2,42,A,2,3000,0.5625,0.5424266608663809,0.021789500243465,1.0766928049243136,0.1096666666666666
S2,42,B,2,9000,0.6328666666666667,0.6187687977051978,0.0099002587810158,1.0329950148268472,0.2146666666666666
S2,42,C,2,3000,0.5451,0.5261640401432885,0.0163045526191592,2.750495177433188,0.168
S2,42,D,2,9000,0.5581333333333334,0.5424113368573054,0.0314414871975779,1.6803465948800822,0.175
S2,42,A,3,2993,0.58,0.5650112745326028,0.0162408918261528,1.1469287649445163,0.1416666666666666
S2,42,B,3,11993,0.6580666666666667,0.6446669762052109,0.0098247798641522,1.1143658322334364,0.229
S2,42,C,3,2993,0.5413333333333333,0.5201135965608363,0.0254610191027323,3.495638474946568,0.143
S2,42,D,3,11993,0.5638333333333333,0.5490351595122085,0.0370411979267994,1.9911481149502952,0.18
S2,42,A,4,3007,0.5731333333333334,0.5594269719506977,0.0193286929354071,1.0639586830898948,0.1783333333333333
S2,42,B,4,15000,0.6339333333333333,0.6167695891370526,0.0147497443477312,0.9674259727976348,0.162
S2,42,C,4,3007,0.539,0.5155762443607548,0.0222770398090283,3.8614067187236456,0.1136666666666666
S2,42,D,4,15000,0.5626333333333333,0.5475502578213078,0.0409520310873786,2.1742400431378126,0.1733333333333333
S2,42,A,5,3000,0.5774,0.5692108977600305,0.0145329726273814,1.1042658600873565,0.205
S2,42,B,5,18000,0.6715333333333333,0.6584134414039811,0.0133054651533563,1.0687171715021748,0.2493333333333333
S2,42,C,5,3000,0.5371,0.5127953817462655,0.0218152138556043,4.174172499934353,0.1136666666666666
S2,42,D,5,18000,0.5635333333333333,0.5485769117076732,0.0420165880983074,2.2943184881895107,0.1813333333333333
S2,42,A,6,3000,0.5845,0.5742585683273185,0.0099948436776796,1.1757534221915271,0.2263333333333333
S2,42,B,6,21000,0.6750333333333334,0.6612212884242586,0.0182093597233295,1.0145770340103446,0.2443333333333333
S2,42,C,6,3000,0.5354333333333333,0.5103692551795989,0.0245328449279069,4.008761901369008,0.1043333333333333
S2,42,D,6,21000,0.5620666666666667,0.5469203408755632,0.0424305152644713,2.368624075861997,0.173
S2,42,A,7,3000,0.5531,0.5381684504056646,0.0138628924200932,0.991498576119884,0.2066666666666666
S2,42,B,7,24000,0.6718,0.6562755009657051,0.0135177850534518,0.9840582231209378,0.2166666666666666
S2,42,C,7,3000,0.5304666666666666,0.5024090936051843,0.026923972680668,3.5495201342992027,0.0976666666666666
S2,42,D,7,24000,0.5615666666666667,0.5465507208569715,0.040297811020414,2.447592333734031,0.173
S2,42,A,8,3000,0.5773666666666667,0.5668316875591205,0.0093988481303056,1.0792709829715927,0.2043333333333333
S2,42,B,8,27000,0.6800666666666667,0.6662028931590176,0.010711770902574,0.9670350539966324,0.244
S2,42,C,8,3000,0.5259666666666667,0.4964472225415081,0.0306889854013919,3.832209776620861,0.083
S2,42,D,8,27000,0.5603,0.5454520636090701,0.0406372460111975,2.5525458238511005,0.1723333333333333
S2,42,A,9,3000,0.5569333333333333,0.5444252009530466,0.015851411059002,1.036896382946449,0.1746666666666666
S2,42,B,9,30000,0.6862,0.6719698974348935,0.0117811447401841,0.9678770338879228,0.2556666666666666
S2,42,C,9,3000,0.5249,0.4928954294937685,0.0297661589245001,3.918021349567424,0.0646666666666666
S2,42,D,9,30000,0.56,0.5445874557461442,0.0391764571696519,2.576625593447605,0.1706666666666666
S2,123,A,0,3000,0.5595333333333333,0.5461155570836664,0.0155583313380678,0.9682597108542952,0.2093333333333333
S2,123,B,0,3000,0.5595333333333333,0.5461155570836664,0.0155583313380678,0.9682597108542952,0.2093333333333333
S2,123,C,0,3000,0.5595333333333333,0.5461155570836664,0.0155583313380678,0.9682597108542952,0.2093333333333333
S2,123,D,0,3000,0.5595333333333333,0.5461155570836664,0.0155583313380678,0.9682597108542952,0.2093333333333333
S2,123,A,1,3000,0.5865,0.5742550082837794,0.0106915039489666,1.1416026606343042,0.234
S2,123,B,1,6000,0.5798666666666666,0.5639308592312523,0.0163729132389028,0.9581567807193272,0.1996666666666666
S2,123,C,1,3000,0.5458666666666666,0.5301712127128959,0.0254108284026384,2.7698377880870115,0.188
S2,123,D,1,6000,0.5565666666666667,0.5409581418673667,0.026329978175958,1.416561939320797,0.1896666666666666
S2,123,A,2,3000,0.5760666666666666,0.5631779730390611,0.0146077055200934,1.1365474697466085,0.1866666666666666
S2,123,B,2,9000,0.6212333333333333,0.6052634251168041,0.0123418868154287,1.0053099190799168,0.209
S2,123,C,2,3000,0.5378333333333334,0.520050603150594,0.0329134549016753,3.4403076237202,0.1643333333333333
S2,123,D,2,9000,0.5605666666666667,0.5455173941733547,0.0362706573039293,1.7697346055727132,0.1946666666666666
S2,123,A,3,2992,0.5686333333333333,0.5536830701928305,0.0289876200656096,1.0718189463070766,0.1683333333333333
S2,123,B,3,11992,0.6292,0.6134631336148451,0.0141201137726505,0.9729272750408188,0.2206666666666666
S2,123,C,3,2992,0.5304,0.5094018622310157,0.0303645990565419,3.085738380291412,0.14
S2,123,D,3,11992,0.5566333333333333,0.5409437880606754,0.0360227388655145,1.8929817683011336,0.188
S2,123,A,4,3008,0.5707333333333333,0.5519220772097856,0.0190667460143566,1.0814619044416536,0.1273333333333333
S2,123,B,4,15000,0.6400333333333333,0.6240976087936019,0.0158938376983006,0.9946586873015985,0.2133333333333333
S2,123,C,4,3008,0.5246333333333333,0.5021115301645576,0.0329268565237522,3.214108864520186,0.136
S2,123,D,4,15000,0.5571,0.5406912925213521,0.0380339889665444,2.0579638949829437,0.1863333333333333
S2,123,A,5,3000,0.5573666666666667,0.5454644884904604,0.0196716656833887,1.0200328935391705,0.168
S2,123,B,5,18000,0.6600666666666667,0.6452880015344843,0.0153906424894928,1.0097523367176438,0.237
S2,123,C,5,3000,0.5205666666666666,0.4966013475164842,0.0305264054030179,3.2293286241925228,0.1183333333333333
S2,123,D,5,18000,0.5590333333333334,0.5431533177718358,0.0436865005945166,2.264670310670388,0.1896666666666666
S2,123,A,6,3000,0.5626,0.5489144626091375,0.0222212673316399,0.9885140745463792,0.1703333333333333
S2,123,B,6,21000,0.6727,0.6598188498029194,0.0122180036465327,1.001423515087997,0.282
S2,123,C,6,3000,0.5157666666666667,0.4897700369914012,0.0359057781418164,3.5042028507853806,0.109
S2,123,D,6,21000,0.5511333333333334,0.5348288627835538,0.0347242144604523,2.1070549959307883,0.1796666666666666
S2,123,A,7,3000,0.5783333333333334,0.5671887995504656,0.0158141886025667,1.1457171457622188,0.198
S2,123,B,7,24000,0.6798,0.6688834249163513,0.0129476170778274,0.9871099816167248,0.2983333333333333
S2,123,C,7,3000,0.5150666666666667,0.4883304366469172,0.0391606049304207,4.235541597162468,0.1096666666666666
S2,123,D,7,24000,0.5587,0.54254668717477,0.0438570382510622,2.431657977876029,0.184
S2,123,A,8,3000,0.5601,0.5447578010189821,0.0148700317954023,1.0223000771826485,0.1576666666666666
S2,123,B,8,27000,0.6786,0.665499800229864,0.0117072289983431,0.9655318568149136,0.271
S2,123,C,8,3000,0.5133,0.4851007206021429,0.0420724545190731,4.387360485321926,0.0993333333333333
S2,123,D,8,27000,0.5579333333333333,0.5426041521292995,0.0426856154719988,2.516271782199765,0.197
S2,123,A,9,3000,0.5716333333333333,0.5568750645335206,0.0150819779530167,1.044400413273258,0.19
S2,123,B,9,30000,0.6888,0.6762703909358962,0.0134255994409322,0.943018785286353,0.28
S2,123,C,9,3000,0.5107,0.4803857233484616,0.0368145549312233,4.019819155566273,0.0773333333333333
S2,123,D,9,30000,0.5564333333333333,0.5401913167347556,0.0434407104278604,2.5644587477975542,0.1876666666666666
S2,256,A,0,3000,0.5620333333333334,0.545389764403113,0.0124945207034548,0.998414112563516,0.17
S2,256,B,0,3000,0.5620333333333334,0.545389764403113,0.0124945207034548,0.998414112563516,0.17
S2,256,C,0,3000,0.5620333333333334,0.545389764403113,0.0124945207034548,0.998414112563516,0.17
S2,256,D,0,3000,0.5620333333333334,0.545389764403113,0.0124945207034548,0.998414112563516,0.17
S2,256,A,1,3000,0.5819,0.5683587052838432,0.0111979016477862,1.2231818145226638,0.2116666666666666
S2,256,B,1,6000,0.6081,0.5938847232311201,0.0094771042967836,1.0739664710584622,0.2096666666666666
S2,256,C,1,3000,0.5475333333333333,0.5287405183003254,0.0166217256267865,3.045819291581369,0.138
S2,256,D,1,6000,0.5587,0.5404222545550678,0.0297515303989251,1.448696170217405,0.144
S2,256,A,2,3000,0.5535,0.5353826309519943,0.0167779455840587,0.9911892353107083,0.134
S2,256,B,2,9000,0.6309,0.618297662192209,0.0075418724164366,1.0540908105688511,0.2403333333333333
S2,256,C,2,3000,0.5427333333333333,0.5227991630628244,0.0211487495024998,3.631680502942351,0.1246666666666666
S2,256,D,2,9000,0.5627,0.5441753667620979,0.036811117872099,1.7690751697186116,0.145
S2,256,A,3,2991,0.5677333333333333,0.5506391496638287,0.0196656989107529,1.0942291351510824,0.1536666666666666
S2,256,B,3,11991,0.6418,0.6267818393241188,0.0100119367967049,1.0158239837101115,0.226
S2,256,C,3,2991,0.5395666666666666,0.5195555017314826,0.0222533106356859,3.643190401060446,0.121
S2,256,D,3,11991,0.5626,0.5435306521294141,0.0425838985453049,1.9875973993049296,0.1383333333333333
S2,256,A,4,2998,0.5806666666666667,0.5679594739968202,0.0169950829858581,1.1375508059658703,0.178
S2,256,B,4,14989,0.6572,0.6433776152348178,0.0107499598766366,1.0391700757253877,0.2483333333333333
S2,256,C,4,2998,0.5350333333333334,0.5135131163789344,0.0197625713442762,3.50085157179506,0.1073333333333333
S2,256,D,4,14989,0.5614333333333333,0.5426162093148985,0.0396228178605437,2.0955636257294006,0.1373333333333333
S2,256,A,5,3000,0.5734666666666667,0.5611947599048321,0.0167304029544194,1.098767953890449,0.176
S2,256,B,5,17989,0.6624333333333333,0.6492297182129048,0.0123739265769719,0.999239548280429,0.2526666666666666
S2,256,C,5,3000,0.5254666666666666,0.5025182604450571,0.0258189820508162,2.907941166206621,0.096
S2,256,D,5,17989,0.5586,0.5391035359132033,0.0397026388774315,2.190220919845647,0.1386666666666666
S2,256,A,6,3000,0.5676333333333333,0.5558116501096926,0.0150094995101292,0.9881425605857248,0.2006666666666666
S2,256,B,6,20989,0.6696333333333333,0.6559757003441494,0.0092164132128159,0.9941094009077496,0.2463333333333333
S2,256,C,6,3000,0.5209,0.497134998415336,0.0274316648537913,3.5988929678994093,0.0923333333333333
S2,256,D,6,20989,0.5589,0.5397264739543313,0.0440573618421951,2.3564800197334588,0.136
S2,256,A,7,3011,0.5683666666666667,0.5526859954862843,0.0120281509300072,1.0179844643135885,0.1653333333333333
S2,256,B,7,24000,0.6892666666666667,0.6763744188990708,0.011950614280502,1.0250606955434374,0.2826666666666667
S2,256,C,7,3011,0.5148,0.4898764286392263,0.0318218223626414,3.6270640347127303,0.092
S2,256,D,7,24000,0.5589,0.5398490472536883,0.042183802267909,2.4003085464448977,0.1343333333333333
S2,256,A,8,3000,0.5633666666666667,0.55074544316229,0.0168495990375677,1.0138072565967091,0.1983333333333333
S2,256,B,8,27000,0.6739,0.6598489653281989,0.0104164916068315,0.9433561816133108,0.2613333333333333
S2,256,C,8,3000,0.5119666666666667,0.4862137009725646,0.0310744386211037,3.909557506131864,0.0843333333333333
S2,256,D,8,27000,0.5584,0.5394986701495215,0.0388994381099939,2.448604683723317,0.134
S2,256,A,9,3000,0.5732333333333334,0.5582299872242541,0.012249995346864,1.0789117509533266,0.209
S2,256,B,9,30000,0.6840666666666667,0.6698175907363805,0.0102612877011299,0.9426707997090408,0.2533333333333333
S2,256,C,9,3000,0.5079666666666667,0.4801069505071213,0.0253875481307506,3.491698062554057,0.075
S2,256,D,9,30000,0.5597666666666666,0.5412341894393,0.0436166029011209,2.576734434707044,0.138
S3,42,A,0,5000,0.58586,0.5684526147314776,0.019075408399105,0.9593588269312536,0.1656
S3,42,B,0,5000,0.58586,0.5684526147314776,0.019075408399105,0.9593588269312536,0.1656
S3,42,C,0,5000,0.58586,0.5684526147314776,0.019075408399105,0.9593588269312536,0.1656
S3,42,D,0,5000,0.58586,0.5684526147314776,0.019075408399105,0.9593588269312536,0.1656
S3,42,A,1,5000,0.58064,0.5641850739245046,0.0247202632570266,0.9315443674716746,0.2052
S3,42,B,1,10000,0.64136,0.6268560458585399,0.0090386044102907,1.0309060378171122,0.2312
S3,42,C,1,5000,0.56962,0.5492795666379655,0.0237158717995882,2.5947530380073247,0.1202
S3,42,D,1,10000,0.59342,0.5747256374811092,0.0365772861531376,1.505415771317638,0.1582
S3,42,A,2,5000,0.62548,0.6161037809476863,0.0123412328571081,1.1967060454272247,0.244
S3,42,B,2,15000,0.65746,0.6440363597251226,0.0100247080522775,0.9841513217580092,0.2456
S3,42,C,2,5000,0.56686,0.545083040312895,0.0256502311992645,3.3902020337739893,0.1072
S3,42,D,2,15000,0.58836,0.5701706514684981,0.0410567986786365,1.6724583824619623,0.1556
S3,42,A,3,5000,0.57236,0.5547125294548759,0.0308868127682805,0.9808091721456124,0.1528
S3,42,B,3,20000,0.67378,0.6610651192788872,0.0168902328032255,0.9693953012322024,0.2612
S3,42,C,3,5000,0.5595,0.5367011488593464,0.0297800587302446,3.2386299193912675,0.099
S3,42,D,3,20000,0.59044,0.5714867825382448,0.0465148250061273,1.8790800656571311,0.1534
S3,42,A,4,5000,0.62456,0.6094407187255325,0.0337583481752872,1.121015664446117,0.2204
S3,42,B,4,25000,0.68318,0.6717997201661969,0.0217803227710723,0.9303165954272062,0.288
S3,42,C,4,5000,0.55294,0.5299209508381799,0.0342632965412736,3.5391790965566323,0.089
S3,42,D,4,25000,0.5882,0.5700063871516708,0.0432712247663736,1.9771719631324831,0.1528
S3,42,A,5,5000,0.62114,0.610959192794321,0.0202317776423692,1.1416813671125254,0.2296
S3,42,B,5,30000,0.6949,0.682149766399306,0.0297905918759107,0.9415377685433493,0.2634
S3,42,C,5,5000,0.5508,0.5259536786479384,0.0362172650620341,3.542463672364294,0.0694
S3,42,D,5,30000,0.5883,0.5689720094731326,0.0418195866760611,2.0742148635136965,0.1418
S3,42,A,6,5000,0.615,0.6047832564730432,0.0117150347995758,1.10657689754067,0.2282
S3,42,B,6,35000,0.68764,0.6757987695923707,0.0278011801254749,0.8910428635334448,0.2784
S3,42,C,6,5000,0.5491,0.5233248929082384,0.0384592292457819,4.063476321733996,0.061
S3,42,D,6,35000,0.58972,0.5696631134120148,0.0460452450534701,2.199346497327132,0.1434
S3,42,A,7,5000,0.61918,0.6079297036518186,0.0164864897853135,1.1970452601951502,0.2454
S3,42,B,7,40000,0.70754,0.6958257381832473,0.0278725747227668,0.9032890769740995,0.2932
S3,42,C,7,5000,0.54778,0.5215103180639448,0.0425146524244547,4.506544388375254,0.0604
S3,42,D,7,40000,0.5895,0.5697477787352662,0.0527777526307106,2.315226425637943,0.1474
S3,42,A,8,5000,0.6121,0.6009174740244564,0.0131109762287139,1.1372760999673233,0.229
S3,42,B,8,45000,0.69838,0.685880171400353,0.0255337573331594,0.8790199166647717,0.2958
S3,42,C,8,5000,0.54488,0.5169036221879587,0.041868429981172,3.5221151132894377,0.0476
S3,42,D,8,45000,0.58982,0.5704310173664539,0.0515306353145837,2.3679735274395384,0.1462
S3,42,A,9,5000,0.61346,0.6015086644078942,0.0097198890611529,1.1283366556721808,0.2096
S3,42,B,9,50000,0.70822,0.6957464773693973,0.0252037511053681,0.8728930707285744,0.2896
S3,42,C,9,5000,0.54306,0.513973174257641,0.0439079000148177,4.060195716404884,0.039
S3,42,D,9,50000,0.58396,0.5639804274649316,0.039302152981162,2.306312733201504,0.1414
S3,123,A,0,5000,0.60938,0.5941281486082027,0.0139719268041849,1.041650865334136,0.1988
S3,123,B,0,5000,0.60938,0.5941281486082027,0.0139719268041849,1.041650865334136,0.1988
S3,123,C,0,5000,0.60938,0.5941281486082027,0.0139719268041849,1.041650865334136,0.1988
S3,123,D,0,5000,0.60938,0.5941281486082027,0.0139719268041849,1.041650865334136,0.1988
S3,123,A,1,5000,0.60736,0.5955102841818397,0.0101032101210951,1.0621006081182038,0.2436
S3,123,B,1,10000,0.62922,0.6144796412761802,0.0111978964349627,0.9562213851829204,0.2216
S3,123,C,1,5000,0.5902,0.5730996970628688,0.0194952283030748,3.0405127871441,0.186
S3,123,D,1,10000,0.60726,0.5910371403261928,0.0285216889321804,1.4851008977613778,0.1946
S3,123,A,2,5000,0.61202,0.5979716076220576,0.0116806799286603,1.0935573975697324,0.2214
S3,123,B,2,15000,0.64782,0.6336115292154305,0.0124477142813801,0.9479748158789636,0.2384
S3,123,C,2,5000,0.57686,0.5586292114538925,0.0199385131841898,3.1487542345480475,0.1672
S3,123,D,2,15000,0.60494,0.5879619581549497,0.0329899265050888,1.6728290408664364,0.1848
S3,123,A,3,5000,0.62452,0.6102013313973711,0.0191814435076713,1.1547077894650557,0.2402
S3,123,B,3,20000,0.67676,0.6633141879518881,0.0120419072082638,0.9724514121446224,0.272
S3,123,C,3,5000,0.56438,0.5450903576353028,0.0201715647044777,3.001101246121599,0.1506
S3,123,D,3,20000,0.60092,0.5829027374725704,0.0319165721899271,1.800857353066575,0.1674
S3,123,A,4,5000,0.61544,0.5979638440043339,0.026345161345005,1.0966627136223115,0.1778
S3,123,B,4,25000,0.66414,0.6491704679083391,0.0183221713867783,0.9111824991052028,0.2266
S3,123,C,4,5000,0.55534,0.5338493332739935,0.0169200263911485,2.803277906851789,0.1314
S3,123,D,4,25000,0.5997,0.5826907868274538,0.0332185930770635,1.8900180676753648,0.176
S3,123,A,5,5000,0.6084,0.5968442709013828,0.0226336031848192,1.0942226458273998,0.2278
S3,123,B,5,30000,0.69398,0.6815453860903916,0.0253841161412,0.9332269814498846,0.2932
S3,123,C,5,5000,0.55074,0.5283614390191685,0.0234065203648805,3.148974002946595,0.1252
S3,123,D,5,30000,0.60188,0.5853849614360193,0.0356774818095564,2.066386650968678,0.1834
S3,123,A,6,5000,0.61364,0.6010414999598694,0.0163774334719777,1.154660286506188,0.212
S3,123,B,6,35000,0.69412,0.6803926561419904,0.0210001772883534,0.9194689847515026,0.2756
S3,123,C,6,5000,0.5473,0.5246508753560362,0.0289953036487102,4.044015008692085,0.1214
S3,123,D,6,35000,0.60326,0.5846601441726454,0.0380832870024442,2.20015335645162,0.1618
S3,123,A,7,5000,0.6093,0.596558885576962,0.0125430955389142,1.0849915807151058,0.2292
S3,123,B,7,40000,0.711,0.6986879424143722,0.0223504254689812,0.9322997884705486,0.308
S3,123,C,7,5000,0.54278,0.5191822014308876,0.0279068099400401,3.155049386940928,0.1112
S3,123,D,7,40000,0.60054,0.5833414299410422,0.0363160694336891,2.2115498972486884,0.1766
S3,123,A,8,5000,0.6014,0.587903193789762,0.0100047437021136,1.092428360141363,0.209
S3,123,B,8,45000,0.7058,0.69441109331178,0.0244428523224592,0.8840137755667873,0.2978
S3,123,C,8,5000,0.54034,0.5150101732248558,0.0355706634446978,3.8117291710661183,0.094
S3,123,D,8,45000,0.6021,0.5840334385124624,0.0408323900803923,2.324566908351949,0.1648
S3,123,A,9,5000,0.60936,0.5974406695711661,0.0106099255675077,1.094068493413486,0.2056
S3,123,B,9,50000,0.71752,0.7071715901515916,0.0203727740883827,0.900520360225302,0.3388
S3,123,C,9,5000,0.53796,0.5115564057502953,0.0333761919352412,3.9471490304596615,0.0896
S3,123,D,9,50000,0.60296,0.5851964140439379,0.0400009226033091,2.401017160294037,0.1702
S3,256,A,0,5000,0.58936,0.5759548111749828,0.0202623474279046,0.92324454569956,0.2072
S3,256,B,0,5000,0.58936,0.5759548111749828,0.0202623474279046,0.92324454569956,0.2072
S3,256,C,0,5000,0.58936,0.5759548111749828,0.0202623474279046,0.92324454569956,0.2072
S3,256,D,0,5000,0.58936,0.5759548111749828,0.0202623474279046,0.92324454569956,0.2072
S3,256,A,1,5000,0.60274,0.5911967629226791,0.0133851924437284,0.9807770186583302,0.2258
S3,256,B,1,10000,0.63632,0.6237207280314797,0.009543100015521,0.971952338358548,0.2512
S3,256,C,1,5000,0.57424,0.5600149757289886,0.0259075518625974,2.7023368076895213,0.1802
S3,256,D,1,10000,0.59764,0.5830555132259673,0.0390296516519785,1.4178712008076175,0.1874
S3,256,A,2,5000,0.59486,0.5813467986408736,0.0234722040590643,0.9760689281063284,0.207
S3,256,B,2,15000,0.65526,0.6415512148403678,0.0143698822289705,0.9386971854226748,0.2598
S3,256,C,2,5000,0.5678,0.553392341972297,0.0243351879441738,3.1147225669261576,0.1668
S3,256,D,2,15000,0.58932,0.5743816580792065,0.0384449742057919,1.564878562612986,0.1716
S3,256,A,3,5000,0.6104,0.5956361455664397,0.0254610172855854,1.036092191762997,0.1916
S3,256,B,3,20000,0.67846,0.6669369620185666,0.0150739665946364,0.97597635567277,0.2984
S3,256,C,3,5000,0.5649,0.548926170868677,0.0305304890117049,3.643359609452778,0.1502
S3,256,D,3,20000,0.58842,0.5730245046458092,0.041352510356903,1.749271449965291,0.1648
S3,256,A,4,5000,0.61764,0.6045189291346967,0.0246506822952628,1.103206181253067,0.2164
S3,256,B,4,25000,0.67144,0.6594695005076074,0.0179722849395871,0.9144104163387078,0.2754
S3,256,C,4,5000,0.5596,0.5421203059416881,0.0250589675924182,2.862435901165252,0.1342
S3,256,D,4,25000,0.58952,0.5744563237927147,0.0436010269892215,1.9135051788152169,0.1774
S3,256,A,5,5000,0.58632,0.5715048844284282,0.0271632219481468,0.959105178751356,0.1546
S3,256,B,5,30000,0.68862,0.6765580829832837,0.0223800833520293,0.9198120538023516,0.304
S3,256,C,5,5000,0.55542,0.5374972544567819,0.0364703171569108,3.671032745973688,0.1268
S3,256,D,5,30000,0.58938,0.5748108806819744,0.0468165108004212,2.0479750287495437,0.1764
S3,256,A,6,5000,0.616,0.6039735422373205,0.0154019277122616,1.1709858686650685,0.2178
S3,256,B,6,35000,0.67552,0.6585676279115082,0.0261881963962316,0.8809684212456934,0.2314
S3,256,C,6,5000,0.55096,0.5319713080215287,0.0340054725611209,3.415760641590742,0.117
S3,256,D,6,35000,0.58958,0.5749591562476113,0.048427287775278,2.169514690489735,0.171
S3,256,A,7,5000,0.60602,0.594999430560971,0.0191811561906337,1.0876861392114103,0.2152
S3,256,B,7,40000,0.70436,0.6931423421360259,0.0248563849395513,0.8973141184419545,0.2932
S3,256,C,7,5000,0.54828,0.528198050974406,0.0372964668735861,4.0097209652323,0.1122
S3,256,D,7,40000,0.58804,0.5724493981367951,0.0474804503732919,2.221871546238559,0.1662
S3,256,A,8,5000,0.61662,0.6042283292819594,0.011169570505619,1.1622606607130876,0.2264
S3,256,B,8,45000,0.71136,0.6996922997486738,0.0196865981557965,0.9009536501828348,0.313
S3,256,C,8,5000,0.5443,0.5235979518317475,0.037786075053811,3.778930864752756,0.1042
S3,256,D,8,45000,0.58848,0.5732781416867747,0.0460682745814323,2.2728672887202483,0.1754
S3,256,A,9,5000,0.58852,0.5743400789265991,0.0160357537853717,0.95729523787732,0.1666
S3,256,B,9,50000,0.7194,0.7076484621857584,0.0182944902151823,0.9038102727659592,0.3122
S3,256,C,9,5000,0.54108,0.5197350055995154,0.0396691357216239,4.323149889660948,0.0974
S3,256,D,9,50000,0.58634,0.5721824016556576,0.0435187614810466,2.3316792732069103,0.1682
S4,42,A,0,7500,0.628,0.6122376495883193,0.0072028935591379,0.948995619397314,0.1818666666666666
S4,42,B,0,7500,0.628,0.6122376495883193,0.0072028935591379,0.948995619397314,0.1818666666666666
S4,42,C,0,7500,0.628,0.6122376495883193,0.0072028935591379,0.948995619397314,0.1818666666666666
S4,42,D,0,7500,0.628,0.6122376495883193,0.0072028935591379,0.948995619397314,0.1818666666666666
S4,42,A,1,7500,0.6346,0.6213019729961172,0.008879718243281,0.9984507349270192,0.2241333333333333
S4,42,B,1,15000,0.6558933333333333,0.6406422945877772,0.0079491042391459,0.9550895802327491,0.2161333333333333
S4,42,C,1,7500,0.6046533333333334,0.588080528534036,0.0154526325968901,2.9255788716497637,0.166
S4,42,D,1,15000,0.62828,0.6111811589220915,0.0287836530131101,1.414857592286551,0.1678666666666666
S4,42,A,2,7500,0.6462666666666667,0.6351921365956729,0.0085023671277363,1.115277893305616,0.2593333333333333
S4,42,B,2,22500,0.67832,0.6651878862029147,0.0064982712697982,0.9613918236516262,0.252
S4,42,C,2,7500,0.58704,0.5703343963927224,0.016681692221562,2.9980258532172326,0.1434666666666666
S4,42,D,2,22500,0.6274533333333333,0.6103948009590437,0.0338855220413208,1.6186905573270944,0.1668
S4,42,A,3,7500,0.6430133333333333,0.6314793512905204,0.0113737536156177,1.0416913540495052,0.2273333333333333
S4,42,B,3,30000,0.6959466666666667,0.6837963369920013,0.0060504534808794,0.94049400980968,0.2817333333333333
S4,42,C,3,7500,0.5824533333333334,0.5656120669522323,0.023722046731313,4.107236295164539,0.14
S4,42,D,3,30000,0.6236933333333333,0.6067490358695065,0.0327918671488761,1.7462853689564328,0.1644
S4,42,A,4,7500,0.6501733333333334,0.6381899427529629,0.0166351839025815,1.0773139489186443,0.2329333333333333
S4,42,B,4,37500,0.714,0.702534610573234,0.0113129220447937,0.9241512811840262,0.3365333333333333
S4,42,C,4,7500,0.5760133333333334,0.5587111860557564,0.0297447892363866,3.2524739615337714,0.1325333333333333
S4,42,D,4,37500,0.6256533333333333,0.608306269019384,0.0384591915806134,1.907293210442316,0.1618666666666666
S4,42,A,5,7500,0.64204,0.6283639483414188,0.015988228577574,1.0605846274240909,0.2038666666666666
S4,42,B,5,45000,0.7178,0.7060636817557969,0.0177003872619072,0.9106440655972144,0.2781333333333333
S4,42,C,5,7500,0.57132,0.5539898255249682,0.0322219909397761,3.780613954721971,0.1269333333333333
S4,42,D,5,45000,0.62536,0.608075724705358,0.0420381650503476,2.0126668975200817,0.1608
S4,42,A,6,7500,0.6372,0.6247840801477849,0.0106784043598174,1.048969582395985,0.2045333333333333
S4,42,B,6,52500,0.7218666666666667,0.7101645231455922,0.0172006845156351,0.8926222702075951,0.2853333333333333
S4,42,C,6,7500,0.5702533333333333,0.5514839405695717,0.0294627715591589,3.601404352102442,0.1209333333333333
S4,42,D,6,52500,0.6243066666666667,0.6065656086128832,0.0366533924943208,2.078757507025487,0.1569333333333333
S4,42,A,7,7500,0.6470533333333334,0.636064915728735,0.0082986929615338,1.155943369699027,0.2537333333333333
S4,42,B,7,60000,0.7205333333333334,0.7095364314878475,0.0165927935041983,0.8891049197416634,0.3090666666666666
S4,42,C,7,7500,0.5697333333333333,0.5502332967654302,0.02861656391263,4.487067930914167,0.1158666666666666
S4,42,D,7,60000,0.6226933333333333,0.6056616933023939,0.0360479002503554,2.1642125719028984,0.1610666666666666
S4,42,A,8,7500,0.6375066666666667,0.6286000568444896,0.0081993405578533,1.0859371944748146,0.2536
S4,42,B,8,67500,0.72256,0.7114127261730047,0.0168068441629409,0.8777404168159465,0.2872
S4,42,C,8,7500,0.56756,0.5477797468509571,0.0252807420629262,3.963726830049256,0.1162666666666666
S4,42,D,8,67500,0.6232533333333333,0.6056929407602365,0.042568395525813,2.254438239049641,0.1536
S4,42,A,9,7500,0.6296133333333334,0.6189187331206669,0.0084042084469397,1.0796984145714037,0.2481333333333333
S4,42,B,9,75000,0.7310666666666666,0.7194564841796518,0.0172444062230984,0.8673859150037736,0.3121333333333333
S4,42,C,9,7500,0.5659333333333333,0.545767231061282,0.0282115286614497,4.742945832889205,0.1152
S4,42,D,9,75000,0.6244266666666667,0.6070347054532449,0.0480489280335108,2.339194073399689,0.1621333333333333
S4,123,A,0,7500,0.6273466666666667,0.6123382065033992,0.0044316932324568,1.0080393719164766,0.2081333333333333
S4,123,B,0,7500,0.6273466666666667,0.6123382065033992,0.0044316932324568,1.0080393719164766,0.2081333333333333
S4,123,C,0,7500,0.6273466666666667,0.6123382065033992,0.0044316932324568,1.0080393719164766,0.2081333333333333
S4,123,D,0,7500,0.6273466666666667,0.6123382065033992,0.0044316932324568,1.0080393719164766,0.2081333333333333
S4,123,A,1,7500,0.63304,0.6185451663965059,0.0071099945274988,1.010719352490978,0.2224
S4,123,B,1,15000,0.6573866666666667,0.6416798502534453,0.0082989793763558,0.9871327329787122,0.2393333333333333
S4,123,C,1,7500,0.6079466666666666,0.5918808761882728,0.0123786456596851,3.100838291246468,0.1802666666666666
S4,123,D,1,15000,0.6206666666666667,0.6047308599771114,0.0222179304434855,1.4000205806772223,0.188
S4,123,A,2,7500,0.64204,0.6297251524508137,0.0066082365578413,1.1027859280409482,0.2398666666666666
S4,123,B,2,22500,0.6876933333333334,0.6751780287499922,0.005057556849122,1.0277556362581737,0.2826666666666667
S4,123,C,2,7500,0.5922,0.5748682831182184,0.0157715346552928,3.2463904504091388,0.1554666666666666
S4,123,D,2,22500,0.6216,0.604891117272831,0.0318504438257217,1.6634745562088775,0.1858666666666666
S4,123,A,3,7500,0.6462133333333333,0.6327955126458513,0.0118480837488174,1.1402131113753742,0.2301333333333333
S4,123,B,3,30000,0.6966,0.6836522437015352,0.0070679108158747,0.9753720850170416,0.3028
S4,123,C,3,7500,0.5845066666666666,0.5673804490072142,0.0196540891625483,3.557479610184623,0.1578666666666666
S4,123,D,3,30000,0.62248,0.6057239775273471,0.0367432580405473,1.8417366619934523,0.1754666666666666
S4,123,A,4,7500,0.64868,0.6369484103848639,0.0171041414910554,1.1301811033917113,0.2430666666666666
S4,123,B,4,37500,0.7042666666666667,0.692145945472942,0.0095657122147083,0.9423773159002716,0.2969333333333333
S4,123,C,4,7500,0.57676,0.5604495130319112,0.0198069308896859,3.163096713313019,0.1558666666666666
S4,123,D,4,37500,0.6189333333333333,0.6018459035710244,0.0300177483131488,1.909473746652355,0.1781333333333333
S4,123,A,5,7500,0.6502266666666666,0.6381344974769991,0.0125590115112066,1.1607243585845144,0.2422666666666666
S4,123,B,5,45000,0.7042266666666667,0.6917108722855622,0.0122727969121933,0.9093515175472416,0.3041333333333333
S4,123,C,5,7500,0.5746133333333333,0.5576321704066052,0.0226220271625121,3.942317676345719,0.1468
S4,123,D,5,45000,0.6210933333333334,0.6046630503175294,0.0438941045983632,2.082547485355812,0.1758666666666666
S4,123,A,6,7500,0.6457066666666667,0.6344261046075571,0.0123217192393541,1.1169619060170268,0.2492
S4,123,B,6,52500,0.7194533333333333,0.7091159742035771,0.0132350253812472,0.9132150624747766,0.3237333333333333
S4,123,C,6,7500,0.57408,0.5572789771874046,0.0260305556074778,4.179484493760033,0.1506666666666666
S4,123,D,6,52500,0.6219733333333334,0.6045333389568257,0.0420303705851237,2.1421600687572027,0.1705333333333333
S4,123,A,7,7500,0.64144,0.6297927208761582,0.0099129422044753,1.1714894835641467,0.2612
S4,123,B,7,60000,0.7232533333333333,0.71161966913558,0.0114197819916407,0.9185730624928607,0.3366666666666666
S4,123,C,7,7500,0.57252,0.5545987154775867,0.0248763580787181,3.8712516597157833,0.1474666666666666
S4,123,D,7,60000,0.6182533333333333,0.6004664597153446,0.0304913407258192,2.155539775816516,0.1665333333333333
S4,123,A,8,7500,0.6356933333333333,0.6248790056847519,0.00538276117901,1.1064413802142263,0.2221333333333333
S4,123,B,8,67500,0.7168133333333333,0.7043840019961581,0.0140878783671061,0.8869211919421214,0.3361333333333333
S4,123,C,8,7500,0.5698933333333334,0.5507912266763586,0.02513380341053,3.7269715785153688,0.1344
S4,123,D,8,67500,0.6199333333333333,0.6032601605563015,0.0358995689592758,2.266334700249809,0.1698666666666666
S4,123,A,9,7500,0.6322533333333333,0.620061360360442,0.0077673871487379,1.095996382984841,0.2405333333333333
S4,123,B,9,75000,0.7199733333333334,0.7090213315576037,0.0106361529674132,0.8806335184183616,0.3070666666666666
S4,123,C,9,7500,0.5675066666666667,0.5481791112189941,0.0268961721686522,3.9332936796421536,0.1288
S4,123,D,9,75000,0.6213866666666666,0.6040759746718632,0.0416516294584671,2.35062831150618,0.1693333333333333
S4,256,A,0,7500,0.63228,0.6185012039615991,0.0065733744796117,1.0168165075634454,0.2558666666666667
S4,256,B,0,7500,0.63228,0.6185012039615991,0.0065733744796117,1.0168165075634454,0.2558666666666667
S4,256,C,0,7500,0.63228,0.6185012039615991,0.0065733744796117,1.0168165075634454,0.2558666666666667
S4,256,D,0,7500,0.63228,0.6185012039615991,0.0065733744796117,1.0168165075634454,0.2558666666666667
S4,256,A,1,7500,0.6430133333333333,0.6281847983870665,0.0050206916012366,1.066289498195221,0.2252
S4,256,B,1,15000,0.6737733333333333,0.6605439998887055,0.005411975009044,1.0753346139310398,0.2682666666666666
S4,256,C,1,7500,0.61444,0.5995850266243865,0.0120759186355272,2.870844669219884,0.2430666666666666
S4,256,D,1,15000,0.6233466666666667,0.6071637841083304,0.0218750565433502,1.3423452645161826,0.2289333333333333
S4,256,A,2,7500,0.6292933333333334,0.6164139831103868,0.0131417538235584,0.9772542712055332,0.2073333333333333
S4,256,B,2,22500,0.6551066666666666,0.6410654950926411,0.0073626419583956,0.9001392423199907,0.2317333333333333
S4,256,C,2,7500,0.6024666666666667,0.5875172622267805,0.0143203840605417,3.4663678819011325,0.2368
S4,256,D,2,22500,0.62636,0.6113463852959174,0.0369697949812809,1.6682502861876831,0.2525333333333333
S4,256,A,3,7500,0.64164,0.6286520265258584,0.0141861784980694,1.02800210338036,0.2318666666666666
S4,256,B,3,30000,0.6688266666666667,0.6551800890865841,0.0106574398018916,0.8803351447403365,0.2377333333333333
S4,256,C,3,7500,0.597,0.581504644591379,0.0182456012282768,4.0714954049446215,0.2232
S4,256,D,3,30000,0.6243333333333333,0.6097749077199849,0.0366191076775392,1.7854833304096134,0.2505333333333333
S4,256,A,4,7500,0.6588,0.6493036785782047,0.0209271884399652,1.1388916240982083,0.2636
S4,256,B,4,37500,0.6961866666666666,0.6831649541453835,0.0151328387127319,0.9120520414338305,0.2856
S4,256,C,4,7500,0.5869466666666666,0.5727392887392285,0.0153090986369053,3.3064280942393003,0.2290666666666666
S4,256,D,4,37500,0.6235466666666667,0.6080534111072694,0.0374423057355483,1.905613749244156,0.2349333333333333
S4,256,A,5,7500,0.6487066666666667,0.6383607762391189,0.018843806066513,1.1099675644527716,0.2718666666666666
S4,256,B,5,45000,0.7089466666666666,0.698291546953533,0.0157190793625513,0.9114175968545878,0.3185333333333333
S4,256,C,5,7500,0.57672,0.562994490029183,0.0221415594693024,3.02488290486787,0.2293333333333333
S4,256,D,5,45000,0.62208,0.6071144599979882,0.0359920805190006,1.990170722156448,0.2402666666666666
S4,256,A,6,7500,0.6507066666666667,0.6416240763718474,0.0154297510663668,1.16983711688961,0.2629333333333333
S4,256,B,6,52500,0.7272133333333334,0.7176121776433749,0.0162954688032468,0.9078777022360368,0.356
S4,256,C,6,7500,0.5721066666666667,0.55735206714695,0.0256952947662274,2.913593178405152,0.2104
S4,256,D,6,52500,0.6201733333333334,0.6046307043676392,0.0329428705525398,2.0440088774771725,0.2216
S4,256,A,7,7500,0.6386666666666667,0.6261299934572281,0.0116526032461722,1.07242559076586,0.2252
S4,256,B,7,60000,0.7206266666666666,0.7104315072238483,0.0192973025149106,0.8764131474951701,0.3652
S4,256,C,7,7500,0.57044,0.5556771116932433,0.0301144525806109,4.106184075673669,0.2032
S4,256,D,7,60000,0.6230533333333333,0.608023063399398,0.0398093913410107,2.1946483066807354,0.2437333333333333
S4,256,A,8,7500,0.6417333333333334,0.6302813855080375,0.0106760680409272,1.1646547295057348,0.2385333333333333
S4,256,B,8,67500,0.7097866666666667,0.6974071059039609,0.020065965437889,0.8654511396239265,0.3108
S4,256,C,8,7500,0.5681066666666666,0.5526740669138545,0.0299858453140656,3.588129168188806,0.1973333333333333
S4,256,D,8,67500,0.62088,0.6057531514058399,0.038392910272479,2.2274265137277083,0.232
S4,256,A,9,7500,0.6321866666666667,0.6209903246134187,0.0127702706875403,1.1300148342862708,0.2253333333333333
S4,256,B,9,75000,0.7282,0.7166483991629322,0.0201522722093264,0.8734883940327922,0.3278666666666666
S4,256,C,9,7500,0.56464,0.5496669258551197,0.0348927793749173,4.341040280767326,0.1982666666666666
S4,256,D,9,75000,0.6235333333333334,0.6087717821377441,0.0471777568654219,2.290495966569586,0.2285333333333333
S5,42,A,0,10000,0.64703,0.6298950551569232,0.0063205797505378,0.9729637950999472,0.2054
S5,42,B,0,10000,0.64703,0.6298950551569232,0.0063205797505378,0.9729637950999472,0.2054
S5,42,C,0,10000,0.64703,0.6298950551569232,0.0063205797505378,0.9729637950999472,0.2054
S5,42,D,0,10000,0.64703,0.6298950551569232,0.0063205797505378,0.9729637950999472,0.2054
S5,42,A,1,10000,0.66138,0.6504547625043873,0.0092182816715538,1.0971830475220918,0.2701
S5,42,B,1,20000,0.68234,0.669717667386806,0.0040504301838576,0.975800701431988,0.2625
S5,42,C,1,10000,0.62841,0.6101903665966055,0.0145505575548112,2.9158550325712174,0.1808
S5,42,D,1,20000,0.64724,0.629348772158705,0.0223041426037251,1.360607473555723,0.1903
S5,42,A,2,10000,0.66668,0.6565035380378532,0.0068720285196602,1.1118599156144195,0.2639
S5,42,B,2,30000,0.6629,0.6491868124789645,0.0067888815438747,0.8810626673980512,0.2385
S5,42,C,2,10000,0.62215,0.6033544905327946,0.0172728268536925,3.697513281948708,0.1754
S5,42,D,2,30000,0.64708,0.6296992895071927,0.0272769483220577,1.5819764152683242,0.1876
S5,42,A,3,10000,0.66653,0.6546411055173887,0.0092323060980439,1.1037841895584246,0.2452
S5,42,B,3,40000,0.70783,0.6962966469753544,0.006226748932898,0.9367081559643704,0.31
S5,42,C,3,10000,0.6178,0.5992770764970292,0.0221527630037069,4.281794848065012,0.1797
S5,42,D,3,40000,0.64649,0.6286892621274214,0.033096656075716,1.722994665734086,0.1891
S5,42,A,4,10000,0.65751,0.6465558531893075,0.0151683675287663,1.003516227999136,0.2505
S5,42,B,4,50000,0.71897,0.7066010566348953,0.0082507120946049,0.917179592092934,0.3121
S5,42,C,4,10000,0.61003,0.591560054449167,0.0180029079855978,3.7697227874167294,0.1674
S5,42,D,4,50000,0.64411,0.6249172647842973,0.0296832698597014,1.840789251731848,0.1783
S5,42,A,5,10000,0.6621,0.6511966903096793,0.0155885306972265,1.062425781777575,0.2607
S5,42,B,5,60000,0.71024,0.6990803803255426,0.0106749882107973,0.8739784510642721,0.2939
S5,42,C,5,10000,0.60138,0.5834354463256725,0.0118528936760127,3.936292110871995,0.1707
S5,42,D,5,60000,0.64456,0.6248340499036746,0.0343613067136705,1.9502110615832968,0.1666
S5,42,A,6,10000,0.66905,0.6587466507817245,0.013227090550661,1.1106171185163698,0.28
S5,42,B,6,70000,0.72606,0.7139527637098715,0.0107904067964851,0.8831537669571269,0.3171
S5,42,C,6,10000,0.59748,0.5788907248896138,0.0116413786682486,4.058640351988418,0.1623
S5,42,D,6,70000,0.64551,0.626906650528378,0.0365450509431958,2.0271321163811997,0.1786
S5,42,A,7,10000,0.64732,0.6343246706356036,0.0142071824511885,1.0182329970631585,0.2247
S5,42,B,7,80000,0.73262,0.7218981173444687,0.0126640292340517,0.8697701079439699,0.346
S5,42,C,7,10000,0.5948,0.5762403495075272,0.0136758717924356,4.335025551862239,0.1583
S5,42,D,7,80000,0.64184,0.6241539266205504,0.0249926183375716,2.029403935713507,0.1827
S5,42,A,8,10000,0.66154,0.6516063123601576,0.0139754876247048,1.1578191630968986,0.2785
S5,42,B,8,90000,0.73225,0.7214592077089395,0.0139157603368163,0.8783024344323975,0.3137
S5,42,C,8,10000,0.59015,0.5716027410224613,0.0153968225607275,3.887094342260556,0.1609
S5,42,D,8,90000,0.64334,0.6240571030514797,0.0303137807890772,2.1204330587129534,0.1692
S5,42,A,9,10000,0.64932,0.640522435542212,0.0098998144748806,1.058917998345175,0.2888
S5,42,B,9,100000,0.7377,0.7283866713774312,0.0107391018009185,0.8660873399879973,0.3565
S5,42,C,9,10000,0.58618,0.5671168942546918,0.0174467835472524,3.751731401365776,0.1535
S5,42,D,9,100000,0.64396,0.6259092953846123,0.0336232239980995,2.188135200994484,0.1773
S5,123,A,0,10000,0.65065,0.6373710041292482,0.0059857418942451,1.0434719234014804,0.224
S5,123,B,0,10000,0.65065,0.6373710041292482,0.0059857418942451,1.0434719234014804,0.224
S5,123,C,0,10000,0.65065,0.6373710041292482,0.0059857418942451,1.0434719234014804,0.224
S5,123,D,0,10000,0.65065,0.6373710041292482,0.0059857418942451,1.0434719234014804,0.224
S5,123,A,1,10000,0.66055,0.6491476857629328,0.0062721384686231,1.104084671462867,0.2534
S5,123,B,1,20000,0.68652,0.6739385303369575,0.0078646903407573,1.029353717636194,0.2567
S5,123,C,1,10000,0.634,0.6194915649053626,0.0140527917875349,2.768582623003445,0.1903
S5,123,D,1,20000,0.64764,0.6337168605144836,0.0196414815917611,1.40253470559476,0.2097
S5,123,A,2,10000,0.65144,0.6384902503015786,0.0065005097088217,1.033977064532683,0.229
S5,123,B,2,30000,0.69352,0.6792053492330586,0.0032384908804297,0.9755801363440604,0.2544
S5,123,C,2,10000,0.62445,0.6104129346545448,0.0206362722043693,3.5882686758738838,0.1789
S5,123,D,2,30000,0.64779,0.6332181954911063,0.0279946540014445,1.63893386320082,0.1995
S5,123,A,3,10000,0.65988,0.6469801224478811,0.0064788709893822,1.0587999357895692,0.2482
S5,123,B,3,40000,0.70814,0.697705633972213,0.0055391155368089,0.9447598934278476,0.3009
S5,123,C,3,10000,0.6108,0.5968083619254608,0.0162138001854717,3.343416621459655,0.1686
S5,123,D,3,40000,0.6463,0.6312242987610118,0.0287205434449017,1.763875844077886,0.1961
S5,123,A,4,10000,0.66413,0.6538655676688453,0.0073431674587726,1.1059688424084675,0.27
S5,123,B,4,50000,0.7202,0.7080003395010946,0.0050541147875785,0.9398224507414488,0.3314
S5,123,C,4,10000,0.60751,0.5931779408594703,0.0136509749031066,4.498223733361516,0.1647
S5,123,D,4,50000,0.64428,0.628886900461436,0.0243098621633648,1.837536275119175,0.1917
S5,123,A,5,10000,0.66994,0.659204441551654,0.0090369219309091,1.1729197886397984,0.2733
S5,123,B,5,60000,0.71082,0.6990514289539153,0.0077903460472821,0.9109935590445452,0.315
S5,123,C,5,10000,0.60159,0.5873476806800771,0.0116622647032141,4.057237896091911,0.1691
S5,123,D,5,60000,0.64616,0.6318022390147379,0.0309116374698281,1.947676435861862,0.2045
S5,123,A,6,10000,0.67132,0.6612423789014628,0.0091658188691735,1.25052687227464,0.2718
S5,123,B,6,70000,0.7295,0.7183651770530581,0.0059205263139307,0.9149472354873948,0.3035
S5,123,C,6,10000,0.59705,0.5826273068512272,0.0107149484725296,4.2688781776644245,0.1586
S5,123,D,6,70000,0.64601,0.6309689444389013,0.0354312777543067,2.0740160799199194,0.2001
S5,123,A,7,10000,0.65234,0.6394129489534778,0.0071258771941065,1.1049093392231175,0.2234
S5,123,B,7,80000,0.72935,0.7186021702223802,0.0061353228390216,0.8987011340591646,0.3304
S5,123,C,7,10000,0.59302,0.5776448286619755,0.0115569123068451,4.202649267829534,0.1545
S5,123,D,7,80000,0.64491,0.6298263938983435,0.0351964726540446,2.116529409965085,0.1928
S5,123,A,8,10000,0.65154,0.6396170502808953,0.005547858031243,1.0930667614029823,0.2323
S5,123,B,8,90000,0.73501,0.7243677096269229,0.005502172999978,0.8982780730340119,0.3239
S5,123,C,8,10000,0.58965,0.5735419283917789,0.0124452409787476,4.171870583502499,0.1473
S5,123,D,8,90000,0.64579,0.6305746180578384,0.0357950366801023,2.17468305523704,0.1928
S5,123,A,9,10000,0.64666,0.6351410385310079,0.0061952115936577,1.0647782519707407,0.2335
S5,123,B,9,100000,0.72724,0.7163269887822847,0.0055881895554065,0.9100621598202008,0.3363
S5,123,C,9,10000,0.58607,0.5686728880302668,0.014225805439651,4.047777783721189,0.1309
S5,123,D,9,100000,0.64237,0.6267544952743306,0.0224038182488083,2.1763367587015443,0.1897
S5,256,A,0,10000,0.65457,0.6402013019062791,0.0049519843533635,1.0169358922922036,0.2282
S5,256,B,0,10000,0.65457,0.6402013019062791,0.0049519843533635,1.0169358922922036,0.2282
S5,256,C,0,10000,0.65457,0.6402013019062791,0.0049519843533635,1.0169358922922036,0.2282
S5,256,D,0,10000,0.65457,0.6402013019062791,0.0049519843533635,1.0169358922922036,0.2282
S5,256,A,1,10000,0.64074,0.6269400573733497,0.0052533708716928,0.9602146830726148,0.2277
S5,256,B,1,20000,0.67666,0.6639720172811747,0.0046401385793089,0.993686516129798,0.2549
S5,256,C,1,10000,0.63514,0.6195297782854506,0.0093493976730108,2.90301598922541,0.1966
S5,256,D,1,20000,0.64666,0.6305354188226654,0.0201264893826842,1.3482250354053225,0.1914
S5,256,A,2,10000,0.65151,0.6391950521889609,0.0041204638455808,1.0240957521466916,0.2483
S5,256,B,2,30000,0.68782,0.6759149345825166,0.0064304793052375,0.946950657996738,0.291
S5,256,C,2,10000,0.62448,0.6077044809112795,0.0152545879030227,3.4687876857691844,0.1712
S5,256,D,2,30000,0.64895,0.6328977201714056,0.0305182182633876,1.5880529293873686,0.1879
S5,256,A,3,10000,0.67218,0.6628171369419322,0.0059414371821284,1.184322531996675,0.2971
S5,256,B,3,40000,0.70617,0.694562097734998,0.0043829673059284,0.9511935207257172,0.3071
S5,256,C,3,10000,0.62069,0.6029392730747059,0.0160694399493932,4.380035460558583,0.1534
S5,256,D,3,40000,0.6469,0.6300918534619718,0.0314414087559282,1.7566059694497729,0.173
S5,256,A,4,10000,0.66089,0.6476571258252324,0.0103841207912564,1.023163191157458,0.2292
S5,256,B,4,50000,0.72167,0.711016656780175,0.0068283542591333,0.9248721096686736,0.3371
S5,256,C,4,10000,0.61644,0.5984583401542938,0.0185417588618397,4.26898269483463,0.1477
S5,256,D,4,50000,0.64639,0.6298489574167465,0.0342536194722354,1.8685068390351387,0.1768
S5,256,A,5,10000,0.65501,0.6421747071405889,0.0120940431177615,1.0577807232219534,0.2373
S5,256,B,5,60000,0.7276,0.7165370849445181,0.0090223389121889,0.9073998347618653,0.326
S5,256,C,5,10000,0.60923,0.59062837612293,0.0192597175896167,3.810804489763699,0.1396
S5,256,D,5,60000,0.64508,0.6283533860033883,0.0358637606540322,1.953497993358174,0.1745
S5,256,A,6,10000,0.67616,0.6664831199158605,0.0072652280728519,1.2676282793969016,0.299
S5,256,B,6,70000,0.72324,0.7130024867451159,0.0102856451161205,0.8906390412538838,0.3385
S5,256,C,6,10000,0.60125,0.5821353803503516,0.0132653963717818,4.0955363522944,0.1303
S5,256,D,6,70000,0.64592,0.6288603636345946,0.0352559286040067,2.0266697306519976,0.1727
S5,256,A,7,10000,0.65165,0.6393396518694571,0.0104325161355733,1.0636349341279092,0.2459
S5,256,B,7,80000,0.73517,0.724701123515239,0.0111280389356612,0.8858340212247989,0.3378
S5,256,C,7,10000,0.59732,0.5782536747889757,0.0166893946924805,4.578585746664989,0.1245
S5,256,D,7,80000,0.64583,0.6291051548979432,0.0377598761770129,2.1010991150752694,0.1745
S5,256,A,8,10000,0.67152,0.6627062977878222,0.0072375601951778,1.303594957966383,0.2923
S5,256,B,8,90000,0.73215,0.7204328156068194,0.0118473371696472,0.887213056147218,0.3122
S5,256,C,8,10000,0.59373,0.5749258580587635,0.0133732942084968,4.415809250854236,0.1234
S5,256,D,8,90000,0.64662,0.6294870037536308,0.0386867832283675,2.1542591380532032,0.1713
S5,256,A,9,10000,0.65164,0.6400503420845046,0.0057631336487829,1.0508558250605915,0.2464
S5,256,B,9,100000,0.73451,0.7216106725672771,0.0129431175889074,0.8580258850794972,0.3024
S5,256,C,9,10000,0.58863,0.5694803527329241,0.0185034002664685,4.564928076619423,0.1201
S5,256,D,9,100000,0.64634,0.6297582683881028,0.0389558926083147,2.2158384391802644,0.1654
